m,x_um,E_nonlinear,E_linearized
0.1,0.0,0.04777840688168693,0.047690541259232694
0.1,0.00390625,0.04774269403911226,0.04768695024918567
0.1,0.0078125,0.047699857244014175,0.04767617775983751
0.1,0.01171875,0.0476499172155083,0.04765822541348549
0.1,0.015625,0.0475928956565657,0.04763309591368692
0.1,0.01953125,0.047528815242637884,0.04760079304485204
0.1,0.0234375,0.047457699610239636,0.04756132167167409
0.1,0.02734375,0.047379573345495286,0.04751468773839668
0.1,0.03125,0.04729446197265393,0.04746089826791861
0.1,0.03515625,0.047202391942578935,0.04739996136073631
0.1,0.0390625,0.047103390621216976,0.04733188619372384
0.1,0.04296875,0.0469974862780518,0.04725668301875096
0.1,0.046875,0.04688470807454759,0.04717436316113919
0.1,0.05078125,0.046765086052586974,0.04708493901795629
0.1,0.0546875,0.0466386511229084,0.04698842405614931
0.1,0.05859375,0.0465054350535475,0.04688483281051649
0.1,0.0625,0.04636547045828697,0.046774180881518364
0.1,0.06640625,0.046218790785119514,0.04665648493292844
0.1,0.0703125,0.046065430304727976,0.04653176268932366
0.1,0.07421875,0.045905424098986916,0.046400032933415145
0.1,0.078125,0.04573880804948972,0.04626131550321959
0.1,0.08203125,0.04556561882610512,0.04611563128907174
0.1,0.0859375,0.045385893875566984,0.045963002230478375
0.1,0.08984375,0.04519967141010103,0.045803451312814325
0.1,0.09375,0.04500699039609209,0.045637002563860884
0.1,0.09765625,0.044807890542795374,0.04546368105018743
0.1,0.1015625,0.04460241229109501,0.04528351287337637
0.1,0.10546875,0.04439059680231326,0.04509652516609242
0.1,0.109375,0.04417248594707334,0.044902746087996534
0.1,0.11328125,0.043948122294218864,0.044702204821505054
0.1,0.1171875,0.043717549099792974,0.0444949315673951
0.1,0.12109375,0.04348081029607969,0.04428095754025633
0.1,0.125,0.043237950480710316,0.044060314963790134
0.1,0.12890625,0.042989014905837286,0.043833037065956974
0.1,0.1328125,0.042734049467378084,0.04359915807397227
0.1,0.13671875,0.04247310069433139,0.04335871320915193
0.1,0.140625,0.04220621573816774,0.04311173868160817
0.1,0.14453125,0.04193344236229687,0.04285827168479639
0.1,0.1484375,0.041654828931613604,0.042598350389914004
0.1,0.15234375,0.04137042440212438,0.042332013940151944
0.1,0.15625,0.04108027831065605,0.04205930244479989
0.1,0.16015625,0.04078444076464875,0.041780256973205906
0.1,0.1640625,0.04048296243203444,0.04149491954859163
0.1,0.16796875,0.040175894531202516,0.04120333314172364
0.1,0.171875,0.03986328882105407,0.04090554166444228
0.1,0.17578125,0.039545197591145935,0.04060158996304866
0.1,0.1796875,0.039221673651925894,0.04029152381155099
0.1,0.18359375,0.03889277032506005,0.039975389904771175
0.1,0.1875,0.0385585414338534,0.03965323585131274
0.1,0.19140625,0.038219041293764716,0.03932511016639116
0.1,0.1953125,0.03787432470301635,0.03899106226452766
0.1,0.19921875,0.037524446933299926,0.038651142452107504
0.1,0.203125,0.03716946372057856,0.03830540191980414
0.1,0.20703125,0.036809431255986104,0.03795389273486999
0.1,0.2109375,0.036444406176824096,0.037596667833295364
0.1,0.21484375,0.036074445557656785,0.037233781011836456
0.1,0.21875,0.03569960690150457,0.036865286919913774
0.1,0.22265625,0.035319948131136154,0.036491241051382135
0.1,0.2265625,0.034935527580459744,0.036111699736173494
0.1,0.23046875,0.03454640398601318,0.035726720131813855
0.1,0.234375,0.03415263647855335,0.03533636021481557
0.1,0.23828125,0.0337542845747447,0.03494067877194628
0.1,0.2421875,0.0333514081689468,0.03453973539137585
0.1,0.24609375,0.03294406752510094,0.034133590453702616
0.1,0.25,0.03253232326871533,0.03372230512286027
0.1,0.25390625,0.03211623637894891,0.0333059413369068
0.1,0.2578125,0.03169586818079318,0.03288456179869687
0.1,0.26171875,0.03127128033735185,0.032458229966438996
0.1,0.265625,0.03084253484221776,0.032027010044138916
0.1,0.26953125,0.030409694011946563,0.03159096697193079
0.1,0.2734375,0.02997282047862667,0.031150166416297406
0.1,0.27734375,0.029531977182544737,0.030704674760181044
0.1,0.28125,0.029087227364946087,0.030254559092986466
0.1,0.28515625,0.028638634560889345,0.029799887200477503
0.1,0.2890625,0.028186262592194422,0.029340727554568742
0.1,0.29296875,0.02773017556048313,0.02887714930301394
0.1,0.296875,0.027270437840311475,0.028409222258992617
0.1,0.30078125,0.026807114072392686,0.02793701689059641
0.1,0.3046875,0.02634026915691009,0.02746060431021691
0.1,0.30859375,0.025869968246918743,0.026980056263836327
0.1,0.3125,0.02539627674183479,0.026495445120222866
0.1,0.31640625,0.024919260281011425,0.02600684386003219
0.1,0.3203125,0.024438984737400353,0.0255143260648169
0.1,0.32421875,0.023955516211297514,0.025017965905945305
0.1,0.328125,0.023468921024171915,0.02451783813343159
0.1,0.33203125,0.022979265712576226,0.024014018064678674
0.1,0.3359375,0.02248661702213794,0.02350658157313572
0.1,0.33984375,0.02199104190162969,0.02299560507687186
0.1,0.34375,0.021492607497117396,0.022481165527067897
0.1,0.34765625,0.020991381146184842,0.02196334039642779
0.1,0.3515625,0.02048743037223326,0.02144220766751149
0.1,0.35546875,0.019980822878854432,0.020917845820991102
0.1,0.359375,0.019471626544275863,0.02039033382383196
0.1,0.36328125,0.018959909415876473,0.019859751117400487
0.1,0.3671875,0.01844573970477129,0.019326177605500643
0.1,0.37109375,0.017929185780463538,0.018789693642340673
0.1,0.375,0.01741031616556258,0.018250380020432097
0.1,0.37890625,0.016889199530566022,0.017708317958422613
0.1,0.3828125,0.01636590468870439,0.01716358908886491
0.1,0.38671875,0.01584050059084667,0.016616275445923055
0.1,0.390625,0.015313056320465063,0.01606645945301852
0.1,0.39453125,0.014783641088657193,0.015514223910417436
0.1,0.3984375,0.014252324229224083,0.014959651982761248
0.1,0.40234375,0.013719175193802101,0.014402827186542384
0.1,0.40625,0.013184263547047144,0.013843833377526982
0.1,0.41015625,0.012647658961869259,0.01328275473812655
0.1,0.4140625,0.01210943121471587,0.012719675764720361
0.1,0.41796875,0.011569650180901841,0.012154681254930662
0.1,0.421875,0.011028385829984477,0.011587856294852395
0.1,0.42578125,0.010485708221181654,0.011019286246239605
0.1,0.4296875,0.0099416874988312,0.010449056733650257
0.1,0.43359375,0.009396393887889641,0.009877253631551461
0.1,0.4375,0.00884989768946842,0.009303963051387164
0.1,0.44140625,0.00830226927640569,0.008729271328609983
0.1,0.4453125,0.007753579088871757,0.008153265009679497
0.1,0.44921875,0.0072038976300062745,0.007576030839028622
0.1,0.453125,0.006653295461585193,0.00699765574600022
0.1,0.45703125,0.00610184319971559,0.006418226831755871
0.1,0.4609375,0.005549611510556385,0.005837831356158759
0.1,0.46484375,0.004996671106062978,0.0052565567246326324
0.1,0.46875,0.004443092739753862,0.004674490474998915
0.1,0.47265625,0.0038889472024972193,0.004091720264293788
0.1,0.4765625,0.003334305318315521,0.003508333855567389
0.1,0.48046875,0.002779237940206144,0.002924419104667009
0.1,0.484375,0.0022238159459760255,0.002340063947006324
0.1,0.48828125,0.0016681102340883346,0.0017553563843226523
0.1,0.4921875,0.0011121917195191834,0.00117038447142421
0.1,0.49609375,0.0005561313296223607,0.0005852363029293795
0.1,0.5,9.434191775832584e-17,-1.1999338934987608e-19
0.1,0.50390625,-0.0005561313296221721,-0.0005852363029293819
0.1,0.5078125,-0.0011121917195189947,-0.0011703844714242102
0.1,0.51171875,-0.001668110234088146,-0.0017553563843226527
0.1,0.515625,-0.0022238159459758364,-0.002340063947006325
0.1,0.51953125,-0.002779237940205955,-0.002924419104667012
0.1,0.5234375,-0.0033343053183153325,-0.00350833385556739
0.1,0.52734375,-0.0038889472024970307,-0.004091720264293788
0.1,0.53125,-0.004443092739753673,-0.004674490474998912
0.1,0.53515625,-0.004996671106062789,-0.005256556724632628
0.1,0.5390625,-0.005549611510556196,-0.0058378313561587535
0.1,0.54296875,-0.0061018431997154,-0.006418226831755868
0.1,0.546875,-0.006653295461585003,-0.006997655746000217
0.1,0.55078125,-0.0072038976300060845,-0.007576030839028618
0.1,0.5546875,-0.007753579088871567,-0.008153265009679491
0.1,0.55859375,-0.008302269276405497,-0.008729271328609981
0.1,0.5625,-0.008849897689468228,-0.009303963051387159
0.1,0.56640625,-0.009396393887889449,-0.009877253631551465
0.1,0.5703125,-0.009941687498831007,-0.010449056733650252
0.1,0.57421875,-0.01048570822118146,-0.011019286246239605
0.1,0.578125,-0.011028385829984284,-0.011587856294852391
0.1,0.58203125,-0.011569650180901647,-0.012154681254930659
0.1,0.5859375,-0.012109431214715676,-0.012719675764720363
0.1,0.58984375,-0.012647658961869064,-0.013282754738126552
0.1,0.59375,-0.01318426354704695,-0.013843833377526983
0.1,0.59765625,-0.013719175193801905,-0.01440282718654238
0.1,0.6015625,-0.014252324229223887,-0.014959651982761252
0.1,0.60546875,-0.014783641088656995,-0.01551422391041744
0.1,0.609375,-0.015313056320464863,-0.016066459453018524
0.1,0.61328125,-0.01584050059084647,-0.01661627544592306
0.1,0.6171875,-0.016365904688704188,-0.017163589088864905
0.1,0.62109375,-0.016889199530565818,-0.01770831795842262
0.1,0.625,-0.017410316165562375,-0.018250380020432094
0.1,0.62890625,-0.01792918578046333,-0.018789693642340673
0.1,0.6328125,-0.01844573970477108,-0.019326177605500643
0.1,0.63671875,-0.018959909415876264,-0.019859751117400484
0.1,0.640625,-0.01947162654427565,-0.020390333823831958
0.1,0.64453125,-0.01998082287885422,-0.020917845820991102
0.1,0.6484375,-0.020487430372233047,-0.021442207667511485
0.1,0.65234375,-0.020991381146184627,-0.021963340396427784
0.1,0.65625,-0.021492607497117178,-0.022481165527067897
0.1,0.66015625,-0.021991041901629472,-0.022995605076871855
0.1,0.6640625,-0.02248661702213772,-0.02350658157313573
0.1,0.66796875,-0.022979265712576004,-0.02401401806467868
0.1,0.671875,-0.02346892102417169,-0.024517838133431592
0.1,0.67578125,-0.02395551621129729,-0.025017965905945305
0.1,0.6796875,-0.02443898473740012,-0.025514326064816895
0.1,0.68359375,-0.024919260281011192,-0.026006843860032196
0.1,0.6875,-0.025396276741834554,-0.026495445120222855
0.1,0.69140625,-0.025869968246918507,-0.02698005626383632
0.1,0.6953125,-0.02634026915690985,-0.0274606043102169
0.1,0.69921875,-0.026807114072392443,-0.0279370168905964
0.1,0.703125,-0.027270437840311232,-0.028409222258992606
0.1,0.70703125,-0.027730175560482885,-0.028877149303013935
0.1,0.7109375,-0.028186262592194172,-0.02934072755456873
0.1,0.71484375,-0.02863863456088909,-0.029799887200477496
0.1,0.71875,-0.029087227364945834,-0.030254559092986463
0.1,0.72265625,-0.029531977182544477,-0.03070467476018104
0.1,0.7265625,-0.02997282047862641,-0.031150166416297406
0.1,0.73046875,-0.0304096940119463,-0.031590966971930784
0.1,0.734375,-0.03084253484221749,-0.03202701004413891
0.1,0.73828125,-0.03127128033735158,-0.03245822996643899
0.1,0.7421875,-0.03169586818079292,-0.032884561798696865
0.1,0.74609375,-0.03211623637894865,-0.0333059413369068
0.1,0.75,-0.03253232326871507,-0.033722305122860265
0.1,0.75390625,-0.032944067525100686,-0.034133590453702616
0.1,0.7578125,-0.03335140816894655,-0.03453973539137586
0.1,0.76171875,-0.03375428457474445,-0.03494067877194628
0.1,0.765625,-0.03415263647855311,-0.035336360214815565
0.1,0.76953125,-0.03454640398601294,-0.035726720131813855
0.1,0.7734375,-0.03493552758045951,-0.03611169973617349
0.1,0.77734375,-0.035319948131135925,-0.036491241051382135
0.1,0.78125,-0.03569960690150433,-0.036865286919913774
0.1,0.78515625,-0.036074445557656556,-0.03723378101183645
0.1,0.7890625,-0.03644440617682387,-0.037596667833295364
0.1,0.79296875,-0.03680943125598588,-0.03795389273486999
0.1,0.796875,-0.03716946372057834,-0.03830540191980413
0.1,0.80078125,-0.03752444693329971,-0.0386511424521075
0.1,0.8046875,-0.03787432470301613,-0.03899106226452764
0.1,0.80859375,-0.0382190412937645,-0.039325110166391175
0.1,0.8125,-0.03855854143385319,-0.03965323585131274
0.1,0.81640625,-0.03889277032505984,-0.039975389904771175
0.1,0.8203125,-0.03922167365192569,-0.04029152381155099
0.1,0.82421875,-0.03954519759114573,-0.04060158996304866
0.1,0.828125,-0.03986328882105387,-0.04090554166444228
0.1,0.83203125,-0.04017589453120232,-0.04120333314172364
0.1,0.8359375,-0.040482962432034246,-0.04149491954859162
0.1,0.83984375,-0.040784440764648565,-0.04178025697320591
0.1,0.84375,-0.04108027831065585,-0.042059302444799884
0.1,0.84765625,-0.04137042440212419,-0.042332013940151944
0.1,0.8515625,-0.041654828931613416,-0.04259835038991402
0.1,0.85546875,-0.04193344236229668,-0.0428582716847964
0.1,0.859375,-0.04220621573816756,-0.043111738681608176
0.1,0.86328125,-0.04247310069433121,-0.043358713209151925
0.1,0.8671875,-0.0427340494673779,-0.043599158073972265
0.1,0.87109375,-0.042989014905837106,-0.04383303706595698
0.1,0.875,-0.043237950480710136,-0.04406031496379013
0.1,0.87890625,-0.04348081029607952,-0.04428095754025631
0.1,0.8828125,-0.0437175490997928,-0.04449493156739509
0.1,0.88671875,-0.04394812229421869,-0.04470220482150504
0.1,0.890625,-0.04417248594707317,-0.04490274608799653
0.1,0.89453125,-0.044390596802313095,-0.045096525166092416
0.1,0.8984375,-0.044602412291094844,-0.04528351287337635
0.1,0.90234375,-0.04480789054279521,-0.04546368105018742
0.1,0.90625,-0.045006990396091934,-0.04563700256386088
0.1,0.91015625,-0.045199671410100874,-0.045803451312814325
0.1,0.9140625,-0.045385893875566824,-0.045963002230478375
0.1,0.91796875,-0.045565618826104964,-0.04611563128907174
0.1,0.921875,-0.045738808049489564,-0.046261315503219595
0.1,0.92578125,-0.04590542409898676,-0.04640003293341514
0.1,0.9296875,-0.046065430304727824,-0.046531762689323665
0.1,0.93359375,-0.04621879078511936,-0.046656484932928434
0.1,0.9375,-0.04636547045828682,-0.04677418088151835
0.1,0.94140625,-0.046505435053547345,-0.04688483281051648
0.1,0.9453125,-0.04663865112290825,-0.04698842405614931
0.1,0.94921875,-0.04676508605258682,-0.04708493901795628
0.1,0.953125,-0.046884708074547435,-0.04717436316113919
0.1,0.95703125,-0.046997486278051656,-0.047256683018750946
0.1,0.9609375,-0.04710339062121683,-0.04733188619372382
0.1,0.96484375,-0.04720239194257878,-0.0473999613607363
0.1,0.96875,-0.04729446197265379,-0.047460898267918605
0.1,0.97265625,-0.04737957334549514,-0.04751468773839666
0.1,0.9765625,-0.04745769961023949,-0.04756132167167409
0.1,0.98046875,-0.04752881524263774,-0.04760079304485203
0.1,0.984375,-0.047592895656565555,-0.047633095913686904
0.1,0.98828125,-0.04764991721550816,-0.04765822541348548
0.1,0.9921875,-0.047699857244014036,-0.04767617775983749
0.1,0.99609375,-0.04774269403911211,-0.04768695024918566
0.1,1.0,-0.04777840688168678,-0.04769054125923268
0.1,1.00390625,-0.047806976047805066,-0.04768695024918566
0.1,1.0078125,-0.047828382819990106,-0.0476761777598375
0.1,1.01171875,-0.0478426094984351,-0.047658225413485474
0.1,1.015625,-0.04784963941215152,-0.047633095913686904
0.1,1.01953125,-0.04784945693004566,-0.04760079304485203
0.1,1.0234375,-0.04784204747191703,-0.047561321671674074
0.1,1.02734375,-0.0478273975193725,-0.04751468773839666
0.1,1.03125,-0.047805494626649535,-0.0474608982679186
0.1,1.03515625,-0.0477763274313421,-0.0473999613607363
0.1,1.0390625,-0.04773988566502252,-0.047331886193723825
0.1,1.04296875,-0.04769616016375262,-0.047256683018750946
0.1,1.046875,-0.04764514287847731,-0.047174363161139175
0.1,1.05078125,-0.04758682688529365,-0.04708493901795629
0.1,1.0546875,-0.047521206395588475,-0.04698842405614931
0.1,1.05859375,-0.04744827676603747,-0.04688483281051649
0.1,1.0625,-0.04736803450845859,-0.046774180881518364
0.1,1.06640625,-0.04728047729951256,-0.04665648493292844
0.1,1.0703125,-0.04718560399024315,-0.04653176268932366
0.1,1.07421875,-0.047083414615450014,-0.046400032933415145
0.1,1.078125,-0.04697391040288649,-0.04626131550321959
0.1,1.08203125,-0.04685709378227506,-0.04611563128907174
0.1,1.0859375,-0.04673296839413286,-0.045963002230478375
0.1,1.08984375,-0.046601539098399744,-0.045803451312814325
0.1,1.09375,-0.04646281198286128,-0.045637002563860884
0.1,1.09765625,-0.046316794371358994,-0.04546368105018743
0.1,1.1015625,-0.04616349483178031,-0.04528351287337637
0.1,1.10546875,-0.04600292318382043,-0.04509652516609242
0.1,1.109375,-0.04583509050650843,-0.044902746087996534
0.1,1.11328125,-0.045660009145489885,-0.044702204821505054
0.1,1.1171875,-0.045477692720058374,-0.0444949315673951
0.1,1.12109375,-0.04528815612992795,-0.044280957540256315
0.1,1.125,-0.04509141556173908,-0.04406031496379012
0.1,1.12890625,-0.04488748849529018,-0.04383303706595696
0.1,1.1328125,-0.04467639370948717,-0.04359915807397226
0.1,1.13671875,-0.0444581512880033,-0.04335871320915192
0.1,1.140625,-0.04423278262464171,-0.04311173868160817
0.1,1.14453125,-0.044000310428393086,-0.04285827168479639
0.1,1.1484375,-0.043760758728180825,-0.042598350389914004
0.1,1.15234375,-0.04351415287728639,-0.042332013940151944
0.1,1.15625,-0.04326051955744721,-0.04205930244479988
0.1,1.16015625,-0.04299988678261997,-0.041780256973205906
0.1,1.1640625,-0.042732283902401864,-0.04149491954859163
0.1,1.16796875,-0.042457741605102774,-0.04120333314172364
0.1,1.171875,-0.0421762919204611,-0.04090554166444228
0.1,1.17578125,-0.041887968221996384,-0.04060158996304866
0.1,1.1796875,-0.0415928052289918,-0.04029152381155099
0.1,1.18359375,-0.04129083900809971,-0.039975389904771175
0.1,1.1875,-0.040982106974563656,-0.03965323585131274
0.1,1.19140625,-0.04066664789305028,-0.03932511016639116
0.1,1.1953125,-0.04034450187808484,-0.03899106226452766
0.1,1.19921875,-0.040015710394083984,-0.038651142452107504
0.1,1.203125,-0.039680316254979836,-0.03830540191980414
0.1,1.20703125,-0.039338363623429455,-0.03795389273486999
0.1,1.2109375,-0.038989898009603896,-0.037596667833295364
0.1,1.21484375,-0.03863496626955141,-0.037233781011836456
0.1,1.21875,-0.03827361660312935,-0.036865286919913774
0.1,1.22265625,-0.0379058985514997,-0.036491241051382135
0.1,1.2265625,-0.037531862994183235,-0.036111699736173494
0.1,1.23046875,-0.03715156214566757,-0.035726720131813855
0.1,1.234375,-0.036765049551564656,-0.03533636021481557
0.1,1.23828125,-0.036372380084313344,-0.03494067877194628
0.1,1.2421875,-0.035973609938423044,-0.03453973539137585
0.1,1.24609375,-0.035568796625254716,-0.034133590453702616
0.1,1.25,-0.03515799896733548,-0.03372230512286027
0.1,1.25390625,-0.03474127709220381,-0.0333059413369068
0.1,1.2578125,-0.034318692425782074,-0.03288456179869687
0.1,1.26171875,-0.03389030768527385,-0.032458229966438996
0.1,1.265625,-0.0334561868715834,-0.032027010044138916
0.1,1.26953125,-0.03301639526125527,-0.03159096697193079
0.1,1.2734375,-0.03257099939793206,-0.031150166416297406
0.1,1.27734375,-0.032120067083328825,-0.030704674760181044
0.1,1.28125,-0.0316636673677228,-0.030254559092986466
0.1,1.28515625,-0.031201870539957554,-0.029799887200477503
0.1,1.2890625,-0.03073474811696082,-0.029340727554568742
0.1,1.29296875,-0.030262372832775837,-0.02887714930301394
0.1,1.296875,-0.029784818627106097,-0.028409222258992617
0.1,1.30078125,-0.02930216063337387,-0.02793701689059641
0.1,1.3046875,-0.02881447516629322,-0.02746060431021691
0.1,1.30859375,-0.028321839708958487,-0.026980056263836327
0.1,1.3125,-0.027824332899449612,-0.026495445120222866
0.1,1.31640625,-0.027322034516956063,-0.02600684386003219
0.1,1.3203125,-0.026815025467421316,-0.0255143260648169
0.1,1.32421875,-0.026303387768710433,-0.025017965905945305
0.1,1.328125,-0.025787204535303396,-0.02451783813343159
0.1,1.33203125,-0.02526655996251741,-0.024014018064678674
0.1,1.3359375,-0.024741539310261563,-0.02350658157313572
0.1,1.33984375,-0.024212228886327788,-0.02299560507687186
0.1,1.34375,-0.023678716029222238,-0.022481165527067897
0.1,1.34765625,-0.023141089090541713,-0.02196334039642779
0.1,1.3515625,-0.022599437416899962,-0.02144220766751149
0.1,1.35546875,-0.022053851331409254,-0.020917845820991102
0.1,1.359375,-0.021504422114722744,-0.02039033382383196
0.1,1.36328125,-0.02095124198564371,-0.019859751117400494
0.1,1.3671875,-0.020394404081307955,-0.019326177605500643
0.1,1.37109375,-0.019834002436946063,-0.01878969364234068
0.1,1.375,-0.01927013196523263,-0.018250380020432104
0.1,1.37890625,-0.018702888435229756,-0.017708317958422613
0.1,1.3828125,-0.01813236845093261,-0.01716358908886491
0.1,1.38671875,-0.01755866942942508,-0.016616275445923062
0.1,1.390625,-0.016981889578653965,-0.016066459453018527
0.1,1.39453125,-0.016402127874830363,-0.015514223910417443
0.1,1.3984375,-0.01581948403946741,-0.014959651982761255
0.1,1.40234375,-0.015234058516063614,-0.014402827186542387
0.1,1.40625,-0.014645952446441558,-0.013843833377526985
0.1,1.41015625,-0.014055267646751895,-0.01328275473812655
0.1,1.4140625,-0.013462106583152934,-0.012719675764720361
0.1,1.41796875,-0.012866572347176366,-0.012154681254930662
0.1,1.421875,-0.012268768630789972,-0.011587856294852395
0.1,1.42578125,-0.011668799701168445,-0.011019286246239601
0.1,1.4296875,-0.011066770375183657,-0.010449056733650253
0.1,1.43359375,-0.010462785993626055,-0.009877253631551461
0.1,1.4375,-0.009856952395169006,-0.009303963051387164
0.1,1.44140625,-0.009249375890088245,-0.008729271328609983
0.1,1.4453125,-0.008640163233748707,-0.0081532650096795
0.1,1.44921875,-0.008029421599871335,-0.007576030839028624
0.1,1.453125,-0.00741725855359256,-0.006997655746000222
0.1,1.45703125,-0.006803782024329444,-0.0064182268317558725
0.1,1.4609375,-0.006189100278463539,-0.00583783135615876
0.1,1.46484375,-0.005573321891856804,-0.0052565567246326324
0.1,1.46875,-0.004956555722212983,-0.004674490474998915
0.1,1.47265625,-0.004338910881298043,-0.004091720264293788
0.1,1.4765625,-0.003720496707033386,-0.003508333855567388
0.1,1.48046875,-0.003101422735475658,-0.002924419104667009
0.1,1.484375,-0.0024817986726971162,-0.002340063947006325
0.1,1.48828125,-0.0018617343665805696,-0.0017553563843226536
0.1,1.4921875,-0.0012413397785430128,-0.0011703844714242117
0.1,1.49609375,-0.0006207249552021353,-0.0005852363029293819
0.1,1.5,5.956210532665561e-17,-3.943214216436245e-18
0.1,1.50390625,0.0006207249552022544,0.0005852363029293763
0.1,1.5078125,0.0012413397785431322,0.0011703844714242037
0.1,1.51171875,0.0018617343665806893,0.0017553563843226458
0.1,1.515625,0.0024817986726972364,0.002340063947006317
0.1,1.51953125,0.0031014227354757783,0.0029244191046670035
0.1,1.5234375,0.0037204967070335066,0.0035083338555673815
0.1,1.52734375,0.004338910881298164,0.004091720264293781
0.1,1.53125,0.004956555722213104,0.004674490474998905
0.1,1.53515625,0.005573321891856926,0.0052565567246326194
0.1,1.5390625,0.006189100278463662,0.0058378313561587465
0.1,1.54296875,0.006803782024329567,0.006418226831755863
0.1,1.546875,0.007417258553592684,0.00699765574600021
0.1,1.55078125,0.00802942159987146,0.0075760308390286114
0.1,1.5546875,0.008640163233748836,0.008153265009679484
0.1,1.55859375,0.009249375890088375,0.008729271328609975
0.1,1.5625,0.00985695239516914,0.009303963051387148
0.1,1.56640625,0.01046278599362619,0.009877253631551454
0.1,1.5703125,0.011066770375183796,0.010449056733650241
0.1,1.57421875,0.011668799701168586,0.011019286246239594
0.1,1.578125,0.012268768630790116,0.011587856294852381
0.1,1.58203125,0.012866572347176511,0.012154681254930652
0.1,1.5859375,0.013462106583153083,0.012719675764720356
0.1,1.58984375,0.014055267646752048,0.013282754738126542
0.1,1.59375,0.014645952446441712,0.013843833377526973
0.1,1.59765625,0.015234058516063772,0.014402827186542374
0.1,1.6015625,0.015819484039467566,0.014959651982761245
0.1,1.60546875,0.016402127874830523,0.015514223910417433
0.1,1.609375,0.016981889578654125,0.016066459453018517
0.1,1.61328125,0.01755866942942524,0.016616275445923052
0.1,1.6171875,0.01813236845093277,0.017163589088864898
0.1,1.62109375,0.018702888435229915,0.017708317958422613
0.1,1.625,0.01927013196523279,0.018250380020432087
0.1,1.62890625,0.019834002436946222,0.018789693642340666
0.1,1.6328125,0.020394404081308114,0.019326177605500636
0.1,1.63671875,0.02095124198564387,0.019859751117400477
0.1,1.640625,0.021504422114722904,0.02039033382383195
0.1,1.64453125,0.022053851331409413,0.020917845820991095
0.1,1.6484375,0.022599437416900126,0.021442207667511478
0.1,1.65234375,0.023141089090541873,0.021963340396427777
0.1,1.65625,0.0236787160292224,0.02248116552706789
0.1,1.66015625,0.024212228886327947,0.022995605076871848
0.1,1.6640625,0.024741539310261726,0.02350658157313572
0.1,1.66796875,0.025266559962517574,0.024014018064678674
0.1,1.671875,0.02578720453530356,0.024517838133431585
0.1,1.67578125,0.026303387768710596,0.025017965905945298
0.1,1.6796875,0.02681502546742148,0.02551432606481689
0.1,1.68359375,0.027322034516956226,0.02600684386003219
0.1,1.6875,0.02782433289944978,0.02649544512022285
0.1,1.69140625,0.028321839708958654,0.026980056263836313
0.1,1.6953125,0.02881447516629339,0.027460604310216893
0.1,1.69921875,0.02930216063337404,0.027937016890596394
0.1,1.703125,0.029784818627106267,0.0284092222589926
0.1,1.70703125,0.03026237283277601,0.028877149303013928
0.1,1.7109375,0.030734748116960992,0.029340727554568725
0.1,1.71484375,0.031201870539957727,0.02979988720047749
0.1,1.71875,0.03166366736772298,0.030254559092986456
0.1,1.72265625,0.03212006708332899,0.030704674760181034
0.1,1.7265625,0.03257099939793223,0.0311501664162974
0.1,1.73046875,0.03301639526125544,0.031590966971930784
0.1,1.734375,0.033456186871583575,0.03202701004413891
0.1,1.73828125,0.03389030768527402,0.03245822996643899
0.1,1.7421875,0.03431869242578224,0.032884561798696865
0.1,1.74609375,0.03474127709220397,0.0333059413369068
0.1,1.75,0.03515799896733564,0.033722305122860265
0.1,1.75390625,0.035568796625254875,0.034133590453702616
0.1,1.7578125,0.035973609938423204,0.03453973539137586
0.1,1.76171875,0.036372380084313496,0.03494067877194628
0.1,1.765625,0.03676504955156481,0.035336360214815565
0.1,1.76953125,0.03715156214566772,0.035726720131813855
0.1,1.7734375,0.03753186299418339,0.03611169973617349
0.1,1.77734375,0.03790589855149985,0.036491241051382135
0.1,1.78125,0.0382736166031295,0.036865286919913774
0.1,1.78515625,0.038634966269551554,0.03723378101183645
0.1,1.7890625,0.03898989800960404,0.037596667833295364
0.1,1.79296875,0.0393383636234296,0.03795389273486999
0.1,1.796875,0.039680316254979975,0.03830540191980413
0.1,1.80078125,0.04001571039408412,0.0386511424521075
0.1,1.8046875,0.04034450187808498,0.03899106226452764
0.1,1.80859375,0.04066664789305042,0.039325110166391175
0.1,1.8125,0.04098210697456379,0.03965323585131274
0.1,1.81640625,0.04129083900809985,0.039975389904771175
0.1,1.8203125,0.04159280522899194,0.04029152381155099
0.1,1.82421875,0.041887968221996516,0.04060158996304866
0.1,1.828125,0.04217629192046123,0.04090554166444228
0.1,1.83203125,0.04245774160510291,0.04120333314172364
0.1,1.8359375,0.042732283902402,0.04149491954859162
0.1,1.83984375,0.0429998867826201,0.04178025697320591
0.1,1.84375,0.04326051955744734,0.042059302444799884
0.1,1.84765625,0.04351415287728652,0.042332013940151944
0.1,1.8515625,0.04376075872818096,0.04259835038991402
0.1,1.85546875,0.04400031042839322,0.0428582716847964
0.1,1.859375,0.04423278262464184,0.043111738681608176
0.1,1.86328125,0.04445815128800343,0.043358713209151925
0.1,1.8671875,0.0446763937094873,0.043599158073972265
0.1,1.87109375,0.04488748849529031,0.04383303706595698
0.1,1.875,0.04509141556173921,0.04406031496379013
0.1,1.87890625,0.045288156129928085,0.04428095754025631
0.1,1.8828125,0.045477692720058506,0.04449493156739509
0.1,1.88671875,0.04566000914549002,0.044702204821505054
0.1,1.890625,0.04583509050650856,0.04490274608799654
0.1,1.89453125,0.046002923183820564,0.04509652516609243
0.1,1.8984375,0.04616349483178044,0.04528351287337636
0.1,1.90234375,0.04631679437135912,0.045463681050187436
0.1,1.90625,0.04646281198286141,0.04563700256386089
0.1,1.91015625,0.046601539098399876,0.04580345131281434
0.1,1.9140625,0.04673296839413298,0.04596300223047839
0.1,1.91796875,0.046857093782275185,0.04611563128907176
0.1,1.921875,0.04697391040288662,0.04626131550321961
0.1,1.92578125,0.047083414615450146,0.04640003293341515
0.1,1.9296875,0.04718560399024328,0.04653176268932368
0.1,1.93359375,0.04728047729951269,0.04665648493292845
0.1,1.9375,0.04736803450845872,0.046774180881518364
0.1,1.94140625,0.0474482767660376,0.046884832810516495
0.1,1.9453125,0.04752120639558861,0.04698842405614932
0.1,1.94921875,0.04758682688529378,0.047084939017956295
0.1,1.953125,0.047645142878477445,0.0471743631611392
0.1,1.95703125,0.047696160163752756,0.04725668301875096
0.1,1.9609375,0.04773988566502265,0.04733188619372383
0.1,1.96484375,0.04777632743134223,0.04739996136073631
0.1,1.96875,0.047805494626649674,0.04746089826791862
0.1,1.97265625,0.047827397519372636,0.04751468773839668
0.1,1.9765625,0.047842047471917164,0.0475613216716741
0.1,1.98046875,0.047849456930045796,0.04760079304485204
0.1,1.984375,0.04784963941215166,0.04763309591368692
0.1,1.98828125,0.04784260949843523,0.047658225413485494
0.1,1.9921875,0.047828382819990245,0.047676177759837506
0.1,1.99609375,0.047806976047805205,0.04768695024918567
0.6,0.0,0.3093896688784385,0.28614324755539616
0.6,0.00390625,0.30806825678335853,0.286121701495114
0.6,0.0078125,0.3067136816045025,0.2860570665590251
0.6,0.01171875,0.30532650568747943,0.2859493524809129
0.6,0.015625,0.3039072840602791,0.2857985754821215
0.6,0.01953125,0.3024565644583806,0.28560475826911225
0.6,0.0234375,0.30097488735394584,0.28536793003004457
0.6,0.02734375,0.2994627859888416,0.28508812643038006
0.6,0.03125,0.2979207864112421,0.28476538960751174
0.6,0.03515625,0.29634940751557826,0.28439976816441787
0.6,0.0390625,0.29474916108560983,0.28399131716234305
0.6,0.04296875,0.29312055184040825,0.28354009811250575
0.6,0.046875,0.29146407748304703,0.28304617896683515
0.6,0.05078125,0.2897802287518086,0.2825096341077378
0.6,0.0546875,0.288069489473724,0.28193054433689596
0.6,0.05859375,0.28633233662027285,0.28130899686309896
0.6,0.0625,0.2845692403650777,0.2806450852891102
0.6,0.06640625,0.2827806641434378,0.2799389095975707
0.6,0.0703125,0.2809670647135536,0.279190576135942
0.6,0.07421875,0.2791288922193014,0.27840019760049095
0.6,0.078125,0.2772665902544255,0.2775678930193176
0.6,0.08203125,0.27538059592802205,0.2766937877344305
0.6,0.0859375,0.27347133993119493,0.27577801338287034
0.6,0.08984375,0.27153924660477174,0.27482070787688595
0.6,0.09375,0.26958473400797284,0.2738220153831654
0.6,0.09765625,0.2676082139879333,0.27278208630112455
0.6,0.1015625,0.26561009224998255,0.27170107724025827
0.6,0.10546875,0.2635907684285925,0.2705791509965546
0.6,0.109375,0.26155063615890944,0.2694164765279792
0.6,0.11328125,0.25949008314879024,0.2682132289290304
0.6,0.1171875,0.25740949125126833,0.26696958940437066
0.6,0.12109375,0.2553092365373785,0.265685745241538
0.6,0.125,0.2531896893692754,0.26436188978274083
0.6,0.12890625,0.2510512144735814,0.2629982223957419
0.6,0.1328125,0.24889417101490907,0.26159494844383363
0.6,0.13671875,0.24671891266949944,0.2601522792549116
0.6,0.140625,0.2445257876989284,0.25867043208964907
0.6,0.14453125,0.24231513902383148,0.2571496301087784
0.6,0.1484375,0.24008730429760247,0.2555901023394841
0.6,0.15234375,0.2378426159800249,0.25399208364091175
0.6,0.15625,0.23558140141079642,0.2523558146687994
0.6,0.16015625,0.23330398288291096,0.25068154183923547
0.6,0.1640625,0.23101067771586387,0.2489695172915498
0.6,0.16796875,0.22870179832864992,0.2472199988503419
0.6,0.171875,0.22637765231252432,0.24543324998665375
0.6,0.17578125,0.22403854250350055,0.243609539778292
0.6,0.1796875,0.22168476705456017,0.24174914286930604
0.6,0.18359375,0.21931661950755185,0.2398523394286271
0.6,0.1875,0.21693438886475894,0.2379194151078765
0.6,0.19140625,0.21453835966011622,0.235950660998347
0.6,0.1953125,0.21212881203005887,0.23394637358716594
0.6,0.19921875,0.20970602178398728,0.23190685471264505
0.6,0.203125,0.2072702604743339,0.22983241151882486
0.6,0.20703125,0.20482179546621876,0.22772335640921998
0.6,0.2109375,0.20236089000668267,0.22558000699977224
0.6,0.21484375,0.1998878032934871,0.22340268607101876
0.6,0.21875,0.19740279054347218,0.2211917215194827
0.6,0.22265625,0.1949061030604648,0.21894744630829283
0.6,0.2265625,0.19239798830272942,0.216670198417041
0.6,0.23046875,0.1898786899499566,0.21436032079088319
0.6,0.234375,0.18734844796978342,0.21201816128889345
0.6,0.23828125,0.18480749868384225,0.2096440726316777
0.6,0.2421875,0.18225607483333475,0.20723841234825519
0.6,0.24609375,0.17969440564412842,0.20480154272221573
0.6,0.25,0.1771227168913742,0.20233383073716166
0.6,0.25390625,0.17454123096364446,0.19983564802144083
0.6,0.2578125,0.1719501669265907,0.1973073707921813
0.6,0.26171875,0.16934974058612168,0.19474937979863402
0.6,0.265625,0.16674016455110283,0.19216206026483357
0.6,0.26953125,0.16412164829557865,0.18954580183158476
0.6,0.2734375,0.16149439822051975,0.18690099849778452
0.6,0.27734375,0.15885861771509768,0.18422804856108632
0.6,0.28125,0.15621450721749,0.18152735455791888
0.6,0.28515625,0.15356226427521952,0.17879932320286504
0.6,0.2890625,0.1509020836050313,0.17604436532741247
0.6,0.29296875,0.14823415715231164,0.1732628958180837
0.6,0.296875,0.14555867415005386,0.1704553335539557
0.6,0.30078125,0.14287582117737563,0.1676221013435785
0.6,0.3046875,0.14018578221759326,0.16476362586130153
0.6,0.30859375,0.13748873871585834,0.161880337583018
0.6,0.3125,0.13478486963636255,0.1589726707213372
0.6,0.31640625,0.132074351519117,0.15604106316019323
0.6,0.3203125,0.1293573585363121,0.1530859563889014
0.6,0.32421875,0.12663406254826448,0.15010779543567188
0.6,0.328125,0.1239046331589581,0.14710702880058962
0.6,0.33203125,0.12116923777118599,0.1440841083880721
0.6,0.3359375,0.11842804164130019,0.1410394894388144
0.6,0.33984375,0.11568120793357681,0.13797363046123118
0.6,0.34375,0.11292889777420394,0.13488699316240743
0.6,0.34765625,0.11017127030489973,0.13178004237856675
0.6,0.3515625,0.10740848273616876,0.128653246005069
0.6,0.35546875,0.10464069040020402,0.12550707492594668
0.6,0.359375,0.1018680468034429,0.12234200294299177
0.6,0.36328125,0.09909070367878516,0.11915850670440295
0.6,0.3671875,0.0963088110374808,0.1159570656330039
0.6,0.37109375,0.09352251722069647,0.11273816185404407
0.6,0.375,0.09073196895076842,0.10950228012259262
0.6,0.37890625,0.0879373113821506,0.10624990775053572
0.6,0.3828125,0.08513868815206642,0.10298153453318946
0.6,0.38671875,0.08233624143087252,0.09969765267553839
0.6,0.390625,0.0795301119721434,0.09639875671811116
0.6,0.39453125,0.07672043916248533,0.09308534346250465
0.6,0.3984375,0.07390736107108858,0.08975791189656754
0.6,0.40234375,0.07109101449902634,0.08641696311925431
0.6,0.40625,0.06827153502830938,0.08306300026516195
0.6,0.41015625,0.06544905707070531,0.0796965284287593
0.6,0.4140625,0.06262371391633113,0.07631805458832222
0.6,0.41796875,0.05979563778202806,0.07292808752958399
0.6,0.421875,0.05696495985952767,0.06952713776911436
0.6,0.42578125,0.054131810363418076,0.06611571747743762
0.6,0.4296875,0.05129631857891934,0.06269434040190154
0.6,0.43359375,0.04845861290947695,0.059263521789308785
0.6,0.4375,0.04561882092418251,0.055823778308322976
0.6,0.44140625,0.04277706940503054,0.052375627971659906
0.6,0.4453125,0.039933484394020495,0.048919590058076994
0.6,0.44921875,0.03708819124011312,0.045456185034171745
0.6,0.453125,0.03424131464605006,0.04198593447600132
0.6,0.45703125,0.03139297871504589,0.03850936099053522
0.6,0.4609375,0.028543306997361705,0.035026988136952535
0.6,0.46484375,0.025692422536769212,0.03153934034779577
0.6,0.46875,0.022840447916914572,0.02804694284999347
0.6,0.47265625,0.01998750530759098,0.02455032158576271
0.6,0.4765625,0.017133716510929167,0.021050003133404323
0.6,0.48046875,0.014279203007514922,0.01754651462800205
0.6,0.484375,0.011424086002442711,0.014040383682037931
0.6,0.48828125,0.008568486471314566,0.010532138305935882
0.6,0.4921875,0.005712525206193343,0.007022306828545264
0.6,0.49609375,0.002856322861519447,0.0035114178175762885
0.6,0.5,2.0241598592036853e-16,1.5505232679145498e-17
0.6,0.50390625,-0.0028563228615190424,-0.00351141781757626
0.6,0.5078125,-0.005712525206192939,-0.007022306828545233
0.6,0.51171875,-0.008568486471314161,-0.010532138305935882
0.6,0.515625,-0.011424086002442305,-0.014040383682037921
0.6,0.51953125,-0.014279203007514516,-0.017546514628002035
0.6,0.5234375,-0.017133716510928758,-0.021050003133404303
0.6,0.52734375,-0.01998750530759057,-0.0245503215857627
0.6,0.53125,-0.022840447916914162,-0.02804694284999343
0.6,0.53515625,-0.025692422536768802,-0.03153934034779575
0.6,0.5390625,-0.02854330699736129,-0.03502698813695248
0.6,0.54296875,-0.031392978715045476,-0.038509360990535195
0.6,0.546875,-0.034241314646049646,-0.041985934476001296
0.6,0.55078125,-0.037088191240112714,-0.04545618503417172
0.6,0.5546875,-0.039933484394020086,-0.04891959005807693
0.6,0.55859375,-0.04277706940503013,-0.05237562797165986
0.6,0.5625,-0.04561882092418211,-0.05582377830832292
0.6,0.56640625,-0.04845861290947655,-0.05926352178930874
0.6,0.5703125,-0.051296318578918934,-0.06269434040190149
0.6,0.57421875,-0.05413181036341767,-0.0661157174774376
0.6,0.578125,-0.05696495985952727,-0.06952713776911433
0.6,0.58203125,-0.059795637782027664,-0.07292808752958393
0.6,0.5859375,-0.06262371391633073,-0.07631805458832217
0.6,0.58984375,-0.06544905707070492,-0.07969652842875928
0.6,0.59375,-0.068271535028309,-0.08306300026516188
0.6,0.59765625,-0.07109101449902597,-0.08641696311925427
0.6,0.6015625,-0.07390736107108822,-0.0897579118965675
0.6,0.60546875,-0.07672043916248499,-0.09308534346250462
0.6,0.609375,-0.07953011197214305,-0.0963987567181111
0.6,0.61328125,-0.08233624143087219,-0.09969765267553835
0.6,0.6171875,-0.08513868815206609,-0.10298153453318942
0.6,0.62109375,-0.08793731138215027,-0.10624990775053567
0.6,0.625,-0.0907319689507681,-0.10950228012259255
0.6,0.62890625,-0.09352251722069616,-0.11273816185404402
0.6,0.6328125,-0.0963088110374805,-0.11595706563300383
0.6,0.63671875,-0.09909070367878486,-0.11915850670440291
0.6,0.640625,-0.10186804680344261,-0.12234200294299173
0.6,0.64453125,-0.10464069040020373,-0.1255070749259466
0.6,0.6484375,-0.10740848273616849,-0.1286532460050689
0.6,0.65234375,-0.11017127030489947,-0.1317800423785667
0.6,0.65625,-0.11292889777420367,-0.13488699316240738
0.6,0.66015625,-0.11568120793357656,-0.13797363046123112
0.6,0.6640625,-0.11842804164129993,-0.14103948943881434
0.6,0.66796875,-0.12116923777118574,-0.14408410838807206
0.6,0.671875,-0.12390463315895786,-0.14710702880058957
0.6,0.67578125,-0.12663406254826426,-0.15010779543567182
0.6,0.6796875,-0.1293573585363119,-0.15308595638890138
0.6,0.68359375,-0.1320743515191168,-0.15604106316019317
0.6,0.6875,-0.13478486963636233,-0.15897267072133714
0.6,0.69140625,-0.13748873871585812,-0.1618803375830179
0.6,0.6953125,-0.14018578221759306,-0.16476362586130142
0.6,0.69921875,-0.14287582117737543,-0.16762210134357838
0.6,0.703125,-0.14555867415005366,-0.17045533355395562
0.6,0.70703125,-0.14823415715231145,-0.17326289581808357
0.6,0.7109375,-0.15090208360503113,-0.17604436532741238
0.6,0.71484375,-0.15356226427521935,-0.17879932320286496
0.6,0.71875,-0.15621450721748983,-0.18152735455791874
0.6,0.72265625,-0.15885861771509752,-0.1842280485610862
0.6,0.7265625,-0.1614943982205196,-0.18690099849778438
0.6,0.73046875,-0.16412164829557851,-0.1895458018315847
0.6,0.734375,-0.16674016455110272,-0.19216206026483346
0.6,0.73828125,-0.16934974058612154,-0.1947493797986339
0.6,0.7421875,-0.17195016692659057,-0.1973073707921812
0.6,0.74609375,-0.17454123096364435,-0.19983564802144077
0.6,0.75,-0.1771227168913741,-0.2023338307371616
0.6,0.75390625,-0.1796944056441283,-0.2048015427222157
0.6,0.7578125,-0.18225607483333467,-0.20723841234825513
0.6,0.76171875,-0.18480749868384216,-0.2096440726316777
0.6,0.765625,-0.18734844796978334,-0.21201816128889342
0.6,0.76953125,-0.18987868994995652,-0.21436032079088316
0.6,0.7734375,-0.19239798830272933,-0.21667019841704097
0.6,0.77734375,-0.1949061030604647,-0.2189474463082928
0.6,0.78125,-0.19740279054347212,-0.2211917215194827
0.6,0.78515625,-0.19988780329348704,-0.2234026860710187
0.6,0.7890625,-0.20236089000668261,-0.2255800069997722
0.6,0.79296875,-0.2048217954662187,-0.22772335640921998
0.6,0.796875,-0.20727026047433383,-0.22983241151882486
0.6,0.80078125,-0.20970602178398726,-0.23190685471264502
0.6,0.8046875,-0.21212881203005884,-0.23394637358716597
0.6,0.80859375,-0.2145383596601162,-0.23595066099834702
0.6,0.8125,-0.2169343888647589,-0.23791941510787645
0.6,0.81640625,-0.21931661950755185,-0.23985233942862705
0.6,0.8203125,-0.22168476705456017,-0.24174914286930596
0.6,0.82421875,-0.22403854250350055,-0.24360953977829194
0.6,0.828125,-0.22637765231252432,-0.24543324998665375
0.6,0.83203125,-0.22870179832864995,-0.2472199988503419
0.6,0.8359375,-0.2310106777158639,-0.24896951729154979
0.6,0.83984375,-0.23330398288291096,-0.25068154183923547
0.6,0.84375,-0.23558140141079645,-0.2523558146687993
0.6,0.84765625,-0.23784261598002493,-0.2539920836409117
0.6,0.8515625,-0.24008730429760253,-0.2555901023394841
0.6,0.85546875,-0.24231513902383153,-0.25714963010877845
0.6,0.859375,-0.24452578769892847,-0.25867043208964907
0.6,0.86328125,-0.2467189126694995,-0.26015227925491163
0.6,0.8671875,-0.24889417101490915,-0.26159494844383363
0.6,0.87109375,-0.25105121447358153,-0.2629982223957419
0.6,0.875,-0.25318968936927544,-0.26436188978274083
0.6,0.87890625,-0.25530923653737864,-0.2656857452415379
0.6,0.8828125,-0.2574094912512684,-0.26696958940437066
0.6,0.88671875,-0.25949008314879035,-0.2682132289290303
0.6,0.890625,-0.26155063615890956,-0.26941647652797923
0.6,0.89453125,-0.26359076842859264,-0.2705791509965545
0.6,0.8984375,-0.26561009224998267,-0.2717010772402582
0.6,0.90234375,-0.2676082139879334,-0.2727820863011246
0.6,0.90625,-0.26958473400797295,-0.2738220153831654
0.6,0.91015625,-0.2715392466047719,-0.27482070787688595
0.6,0.9140625,-0.2734713399311951,-0.27577801338287034
0.6,0.91796875,-0.2753805959280222,-0.27669378773443054
0.6,0.921875,-0.2772665902544257,-0.2775678930193176
0.6,0.92578125,-0.2791288922193016,-0.2784001976004909
0.6,0.9296875,-0.2809670647135538,-0.279190576135942
0.6,0.93359375,-0.282780664143438,-0.2799389095975708
0.6,0.9375,-0.28456924036507786,-0.28064508528911025
0.6,0.94140625,-0.2863323366202731,-0.28130899686309896
0.6,0.9453125,-0.28806948947372424,-0.2819305443368959
0.6,0.94921875,-0.2897802287518088,-0.28250963410773783
0.6,0.953125,-0.29146407748304726,-0.28304617896683515
0.6,0.95703125,-0.2931205518404085,-0.2835400981125058
0.6,0.9609375,-0.2947491610856101,-0.2839913171623431
0.6,0.96484375,-0.2963494075155785,-0.28439976816441787
0.6,0.96875,-0.29792078641124237,-0.28476538960751174
0.6,0.97265625,-0.29946278598884185,-0.28508812643038006
0.6,0.9765625,-0.3009748873539461,-0.28536793003004457
0.6,0.98046875,-0.30245656445838087,-0.2856047582691123
0.6,0.984375,-0.3039072840602794,-0.28579857548212156
0.6,0.98828125,-0.3053265056874797,-0.2859493524809129
0.6,0.9921875,-0.30671368160450285,-0.28605706655902513
0.6,0.99609375,-0.3080682567833588,-0.28612170149511407
0.6,1.0,-0.30938966887843883,-0.28614324755539616
0.6,1.00390625,-0.3106773482057643,-0.286121701495114
0.6,1.0078125,-0.31193071772687814,-0.2860570665590251
0.6,1.01171875,-0.31314919303767447,-0.2859493524809129
0.6,1.015625,-0.3143321823624807,-0.2857985754821215
0.6,1.01953125,-0.31547908655371637,-0.28560475826911225
0.6,1.0234375,-0.31658929909747147,-0.28536793003004457
0.6,1.02734375,-0.31766220612536095,-0.28508812643038006
0.6,1.03125,-0.31869718643302813,-0.28476538960751174
0.6,1.03515625,-0.31969361150568676,-0.28439976816441787
0.6,1.0390625,-0.32065084555110834,-0.28399131716234305
0.6,1.04296875,-0.32156824554047847,-0.28354009811250575
0.6,1.046875,-0.3224451612575642,-0.28304617896683515
0.6,1.05078125,-0.32328093535665325,-0.2825096341077378
0.6,1.0546875,-0.32407490342974393,-0.28193054433689596
0.6,1.05859375,-0.3248263940834843,-0.28130899686309896
0.6,1.0625,-0.3255347290263794,-0.2806450852891102
0.6,1.06640625,-0.32619922316680483,-0.2799389095975707
0.6,1.0703125,-0.326819184722385,-0.279190576135942
0.6,1.07421875,-0.3273939153413166,-0.27840019760049095
0.6,1.078125,-0.3279227102362373,-0.2775678930193176
0.6,1.08203125,-0.3284048583312623,-0.2766937877344305
0.6,1.0859375,-0.32883964242283126,-0.27577801338287034
0.6,1.08984375,-0.32922633935503137,-0.27482070787688595
0.6,1.09375,-0.32956422021008286,-0.2738220153831654
0.6,1.09765625,-0.32985255051469464,-0.27278208630112455
0.6,1.1015625,-0.33009059046302014,-0.27170107724025827
0.6,1.10546875,-0.3302775951569633,-0.2705791509965546
0.6,1.109375,-0.33041281486460733,-0.2694164765279792
0.6,1.11328125,-0.33049549529755656,-0.2682132289290304
0.6,1.1171875,-0.3305248779080051,-0.26696958940437066
0.6,1.12109375,-0.3305002002063614,-0.265685745241538
0.6,1.125,-0.33042069610027913,-0.26436188978274083
0.6,1.12890625,-0.33028559625596055,-0.2629982223957419
0.6,1.1328125,-0.33009412848261394,-0.26159494844383363
0.6,1.13671875,-0.3298455181409634,-0.2601522792549116
0.6,1.140625,-0.3295389885767205,-0.25867043208964907
0.6,1.14453125,-0.32917376157993805,-0.2571496301087784
0.6,1.1484375,-0.32874905787117864,-0.2555901023394841
0.6,1.15234375,-0.3282640976154316,-0.25399208364091175
0.6,1.15625,-0.32771810096472304,-0.2523558146687994
0.6,1.16015625,-0.3271102886303577,-0.25068154183923547
0.6,1.1640625,-0.3264398824857361,-0.2489695172915498
0.6,1.16796875,-0.3257061062006792,-0.2472199988503419
0.6,1.171875,-0.3249081859081869,-0.24543324998665375
0.6,1.17578125,-0.32404535090454106,-0.243609539778292
0.6,1.1796875,-0.32311683438364697,-0.24174914286930604
0.6,1.18359375,-0.3221218742064809,-0.2398523394286271
0.6,1.1875,-0.32105971370648645,-0.2379194151078765
0.6,1.19140625,-0.3199296025317229,-0.235950660998347
0.6,1.1953125,-0.31873079752453204,-0.23394637358716594
0.6,1.19921875,-0.3174625636394382,-0.23190685471264505
0.6,1.203125,-0.31612417489994316,-0.22983241151882486
0.6,1.20703125,-0.3147149153948144,-0.22772335640921998
0.6,1.2109375,-0.313234080314392,-0.22558000699977224
0.6,1.21484375,-0.3116809770273623,-0.22340268607101876
0.6,1.21875,-0.3100549261983553,-0.2211917215194827
0.6,1.22265625,-0.3083552629466238,-0.21894744630829283
0.6,1.2265625,-0.3065813380459554,-0.216670198417041
0.6,1.23046875,-0.3047325191658461,-0.21436032079088319
0.6,1.234375,-0.3028081921538365,-0.21201816128889345
0.6,1.23828125,-0.3008077623587673,-0.2096440726316777
0.6,1.2421875,-0.29873065599455956,-0.20723841234825519
0.6,1.24609375,-0.2965763215439566,-0.20480154272221573
0.6,1.25,-0.2943442312014903,-0.20233383073716166
0.6,1.25390625,-0.2920338823547405,-0.19983564802144083
0.6,1.2578125,-0.28964479910275487,-0.1973073707921813
0.6,1.26171875,-0.28717653381028213,-0.19474937979863402
0.6,1.265625,-0.28462866869623926,-0.19216206026483357
0.6,1.26953125,-0.2820008174545982,-0.18954580183158476
0.6,1.2734375,-0.27929262690561896,-0.18690099849778452
0.6,1.27734375,-0.2765037786750951,-0.18422804856108632
0.6,1.28125,-0.2736339908990005,-0.18152735455791888
0.6,1.28515625,-0.27068301995063787,-0.17879932320286504
0.6,1.2890625,-0.2676506621870972,-0.17604436532741247
0.6,1.29296875,-0.26453675571152135,-0.1732628958180837
0.6,1.296875,-0.2613411821473694,-0.1704553335539557
0.6,1.30078125,-0.2580638684205439,-0.1676221013435785
0.6,1.3046875,-0.254704788544929,-0.16476362586130153
0.6,1.30859375,-0.25126396540655593,-0.161880337583018
0.6,1.3125,-0.24774147254128812,-0.1589726707213372
0.6,1.31640625,-0.24413743590059017,-0.15604106316019323
0.6,1.3203125,-0.24045203559962253,-0.1530859563889014
0.6,1.32421875,-0.236685507641588,-0.15010779543567188
0.6,1.328125,-0.23283814561194877,-0.14710702880058962
0.6,1.33203125,-0.22891030233583717,-0.1440841083880721
0.6,1.3359375,-0.22490239149170396,-0.1410394894388144
0.6,1.33984375,-0.22081488917398562,-0.13797363046123118
0.6,1.34375,-0.2166483353973344,-0.13488699316240743
0.6,1.34765625,-0.21240333553473922,-0.13178004237856675
0.6,1.3515625,-0.20808056168168249,-0.128653246005069
0.6,1.35546875,-0.20368075393832608,-0.12550707492594668
0.6,1.359375,-0.19920472160160524,-0.1223420029429918
0.6,1.36328125,-0.19465334425903508,-0.11915850670440298
0.6,1.3671875,-0.19002757277600457,-0.11595706563300393
0.6,1.37109375,-0.18532843016835093,-0.1127381618540441
0.6,1.375,-0.1805570123520762,-0.10950228012259265
0.6,1.37890625,-0.17571448876219095,-0.10624990775053575
0.6,1.3828125,-0.17080210283285047,-0.10298153453318949
0.6,1.38671875,-0.16582117233118793,-0.09969765267553841
0.6,1.390625,-0.16077308953755096,-0.09639875671811118
0.6,1.39453125,-0.155659321265212,-0.09308534346250467
0.6,1.3984375,-0.15048140871305168,-0.08975791189656757
0.6,1.40234375,-0.14524096714520685,-0.08641696311925434
0.6,1.40625,-0.13993968539223448,-0.08306300026516197
0.6,1.41015625,-0.13457932516896168,-0.07969652842875932
0.6,1.4140625,-0.12916172020487782,-0.07631805458832225
0.6,1.41796875,-0.12368877518366597,-0.07292808752958402
0.6,1.421875,-0.11816246448927284,-0.06952713776911439
0.6,1.42578125,-0.11258483075676715,-0.06611571747743765
0.6,1.4296875,-0.10695798322713862,-0.06269434040190157
0.6,1.43359375,-0.10128409590613299,-0.05926352178930881
0.6,1.4375,-0.09556540552819814,-0.055823778308323004
0.6,1.44140625,-0.08980420932762716,-0.052375627971659934
0.6,1.4453125,-0.08400286262001529,-0.04891959005807702
0.6,1.44921875,-0.0781637761981949,-0.04545618503417177
0.6,1.453125,-0.07228941354786318,-0.041985934476001345
0.6,1.45703125,-0.06638228788916659,-0.03850936099053525
0.6,1.4609375,-0.06044495905154065,-0.03502698813695256
0.6,1.46484375,-0.0544800301901175,-0.0315393403477958
0.6,1.46875,-0.04849014435299446,-0.028046942849993498
0.6,1.47265625,-0.042477980909597375,-0.02455032158576273
0.6,1.4765625,-0.03644625185126149,-0.021050003133404344
0.6,1.48046875,-0.03039769797598256,-0.01754651462800207
0.6,1.484375,-0.02433508497005229,-0.014040383682037952
0.6,1.48828125,-0.018261199399977657,-0.010532138305935903
0.6,1.4921875,-0.012178844628685445,-0.007022306828545287
0.6,1.49609375,-0.006090836670525265,-0.0035114178175763102
0.6,1.5,-9.797971406011574e-16,-3.834307498106102e-17
0.6,1.50390625,0.006090836670523305,0.0035114178175762365
0.6,1.5078125,0.012178844628683483,0.007022306828545209
0.6,1.51171875,0.018261199399975697,0.010532138305935858
0.6,1.515625,0.02433508497005032,0.014040383682037897
0.6,1.51953125,0.03039769797598059,0.017546514628002014
0.6,1.5234375,0.03644625185125952,0.021050003133404282
0.6,1.52734375,0.04247798090959539,0.024550321585762678
0.6,1.53125,0.048490144352992474,0.02804694284999341
0.6,1.53515625,0.054480030190115505,0.031539340347795736
0.6,1.5390625,0.060444959051538655,0.035026988136952465
0.6,1.54296875,0.06638228788916459,0.03850936099053518
0.6,1.546875,0.07228941354786118,0.04198593447600128
0.6,1.55078125,0.07816377619819291,0.0454561850341717
0.6,1.5546875,0.08400286262001333,0.04891959005807692
0.6,1.55859375,0.0898042093276252,0.052375627971659844
0.6,1.5625,0.0955654055281962,0.055823778308322906
0.6,1.56640625,0.10128409590613105,0.05926352178930873
0.6,1.5703125,0.10695798322713669,0.06269434040190146
0.6,1.57421875,0.11258483075676522,0.06611571747743757
0.6,1.578125,0.11816246448927091,0.0695271377691143
0.6,1.58203125,0.12368877518366404,0.07292808752958391
0.6,1.5859375,0.1291617202048759,0.07631805458832214
0.6,1.58984375,0.13457932516895976,0.07969652842875925
0.6,1.59375,0.13993968539223256,0.08306300026516185
0.6,1.59765625,0.14524096714520493,0.08641696311925424
0.6,1.6015625,0.15048140871304977,0.08975791189656747
0.6,1.60546875,0.1556593212652101,0.09308534346250459
0.6,1.609375,0.160773089537549,0.0963987567181111
0.6,1.61328125,0.165821172331186,0.09969765267553835
0.6,1.6171875,0.17080210283284855,0.10298153453318942
0.6,1.62109375,0.175714488762189,0.10624990775053567
0.6,1.625,0.18055701235207425,0.10950228012259255
0.6,1.62890625,0.185328430168349,0.11273816185404399
0.6,1.6328125,0.19002757277600263,0.1159570656330038
0.6,1.63671875,0.19465334425903313,0.11915850670440288
0.6,1.640625,0.1992047216016033,0.1223420029429917
0.6,1.64453125,0.2036807539383241,0.1255070749259466
0.6,1.6484375,0.20808056168168051,0.1286532460050689
0.6,1.65234375,0.21240333553473725,0.1317800423785667
0.6,1.65625,0.21664833539733244,0.13488699316240738
0.6,1.66015625,0.22081488917398362,0.13797363046123112
0.6,1.6640625,0.22490239149170196,0.14103948943881434
0.6,1.66796875,0.22891030233583518,0.14408410838807206
0.6,1.671875,0.23283814561194674,0.14710702880058957
0.6,1.67578125,0.23668550764158594,0.15010779543567182
0.6,1.6796875,0.24045203559962047,0.15308595638890138
0.6,1.68359375,0.24413743590058812,0.15604106316019317
0.6,1.6875,0.24774147254128606,0.15897267072133714
0.6,1.69140625,0.2512639654065539,0.1618803375830179
0.6,1.6953125,0.254704788544927,0.16476362586130142
0.6,1.69921875,0.25806386842054196,0.16762210134357838
0.6,1.703125,0.26134118214736746,0.17045533355395562
0.6,1.70703125,0.26453675571151947,0.17326289581808357
0.6,1.7109375,0.2676506621870953,0.17604436532741238
0.6,1.71484375,0.27068301995063604,0.17879932320286496
0.6,1.71875,0.2736339908989987,0.18152735455791874
0.6,1.72265625,0.2765037786750934,0.1842280485610862
0.6,1.7265625,0.27929262690561724,0.18690099849778438
0.6,1.73046875,0.28200081745459654,0.1895458018315847
0.6,1.734375,0.2846286686962376,0.19216206026483346
0.6,1.73828125,0.2871765338102805,0.1947493797986339
0.6,1.7421875,0.2896447991027533,0.1973073707921812
0.6,1.74609375,0.2920338823547389,0.19983564802144077
0.6,1.75,0.2943442312014888,0.2023338307371616
0.6,1.75390625,0.2965763215439551,0.2048015427222157
0.6,1.7578125,0.2987306559945581,0.20723841234825513
0.6,1.76171875,0.3008077623587659,0.2096440726316777
0.6,1.765625,0.3028081921538351,0.21201816128889342
0.6,1.76953125,0.3047325191658447,0.21436032079088316
0.6,1.7734375,0.30658133804595405,0.21667019841704097
0.6,1.77734375,0.3083552629466225,0.2189474463082928
0.6,1.78125,0.310054926198354,0.2211917215194827
0.6,1.78515625,0.31168097702736103,0.2234026860710187
0.6,1.7890625,0.31323408031439076,0.2255800069997722
0.6,1.79296875,0.31471491539481317,0.22772335640921998
0.6,1.796875,0.316124174899942,0.22983241151882486
0.6,1.80078125,0.31746256363943703,0.23190685471264502
0.6,1.8046875,0.3187307975245309,0.23394637358716597
0.6,1.80859375,0.31992960253172176,0.23595066099834702
0.6,1.8125,0.32105971370648534,0.23791941510787645
0.6,1.81640625,0.3221218742064798,0.23985233942862705
0.6,1.8203125,0.3231168343836459,0.24174914286930596
0.6,1.82421875,0.32404535090454006,0.24360953977829194
0.6,1.828125,0.3249081859081859,0.24543324998665375
0.6,1.83203125,0.3257061062006782,0.2472199988503419
0.6,1.8359375,0.32643988248573513,0.24896951729154979
0.6,1.83984375,0.32711028863035674,0.25068154183923547
0.6,1.84375,0.3277181009647221,0.2523558146687993
0.6,1.84765625,0.32826409761543074,0.2539920836409117
0.6,1.8515625,0.32874905787117775,0.2555901023394841
0.6,1.85546875,0.3291737615799372,0.25714963010877845
0.6,1.859375,0.3295389885767196,0.25867043208964907
0.6,1.86328125,0.32984551814096263,0.26015227925491163
0.6,1.8671875,0.33009412848261316,0.26159494844383363
0.6,1.87109375,0.33028559625595977,0.2629982223957419
0.6,1.875,0.3304206961002784,0.26436188978274083
0.6,1.87890625,0.3305002002063606,0.2656857452415379
0.6,1.8828125,0.3305248779080044,0.26696958940437066
0.6,1.88671875,0.33049549529755584,0.2682132289290303
0.6,1.890625,0.3304128148646066,0.26941647652797923
0.6,1.89453125,0.33027759515696264,0.2705791509965545
0.6,1.8984375,0.3300905904630195,0.2717010772402582
0.6,1.90234375,0.329852550514694,0.2727820863011246
0.6,1.90625,0.3295642202100822,0.2738220153831654
0.6,1.91015625,0.32922633935503076,0.27482070787688595
0.6,1.9140625,0.32883964242283065,0.27577801338287034
0.6,1.91796875,0.32840485833126176,0.27669378773443054
0.6,1.921875,0.32792271023623676,0.2775678930193176
0.6,1.92578125,0.32739391534131607,0.2784001976004909
0.6,1.9296875,0.32681918472238447,0.279190576135942
0.6,1.93359375,0.32619922316680433,0.2799389095975708
0.6,1.9375,0.32553472902637887,0.28064508528911025
0.6,1.94140625,0.32482639408348374,0.28130899686309896
0.6,1.9453125,0.32407490342974343,0.2819305443368959
0.6,1.94921875,0.3232809353566528,0.28250963410773783
0.6,1.953125,0.32244516125756373,0.28304617896683515
0.6,1.95703125,0.321568245540478,0.2835400981125058
0.6,1.9609375,0.32065084555110795,0.2839913171623431
0.6,1.96484375,0.3196936115056863,0.28439976816441787
0.6,1.96875,0.3186971864330277,0.28476538960751174
0.6,1.97265625,0.31766220612536056,0.28508812643038006
0.6,1.9765625,0.3165892990974711,0.28536793003004457
0.6,1.98046875,0.315479086553716,0.2856047582691123
0.6,1.984375,0.31433218236248034,0.28579857548212156
0.6,1.98828125,0.31314919303767413,0.2859493524809129
0.6,1.9921875,0.31193071772687775,0.28605706655902513
0.6,1.99609375,0.310677348205764,0.28612170149511407
0.95,0.0,0.6340049013639639,0.4530601419627105
0.95,0.00390625,0.6290981535702045,0.4530260273672638
0.95,0.0078125,0.6241796131101434,0.4529236887184563
0.95,0.01171875,0.6192498998897049,0.452753141428112
0.95,0.015625,0.6143096138778861,0.4525144111800256
0.95,0.01953125,0.609359335706012,0.4522075339260943
0.95,0.0234375,0.6043996272447216,0.45183255588090376
0.95,0.02734375,0.5994310321596819,0.45138953351476835
0.95,0.03125,0.5944540764469786,0.4508785335452268
0.95,0.03515625,0.5894692689490874,0.4502996329269949
0.95,0.0390625,0.5844771018522799,0.44965291884037645
0.95,0.04296875,0.5794780511662779,0.44893848867813396
0.95,0.046875,0.5744725771869303,0.4481564500308222
0.95,0.05078125,0.5694611249426472,0.4473069206705847
0.95,0.0546875,0.5644441246252908,0.4463900285334184
0.95,0.05859375,0.5594219920061871,0.4454059116999065
0.95,0.0625,0.5543951288378933,0.44435471837442436
0.95,0.06640625,0.5493639232423204,0.4432366068628201
0.95,0.0703125,0.5443287500857871,0.44205174554857474
0.95,0.07421875,0.5392899713415475,0.4408003128674438
0.95,0.078125,0.5342479364403177,0.439482497280586
0.95,0.08203125,0.5292029826092892,0.43809849724618144
0.95,0.0859375,0.5241554352001095,0.43664852118954456
0.95,0.08984375,0.5191056080062728,0.435132787471736
0.95,0.09375,0.514053803570353,0.4335515243566783
0.95,0.09765625,0.5090003134814889,0.4319049699767804
0.95,0.1015625,0.5039454186635081,0.43019337229707544
0.95,0.10546875,0.49888938965406626,0.42841698907787795
0.95,0.109375,0.4938324868751534,0.4265760878359669
0.95,0.11328125,0.4887749608953084,0.424670945804298
0.95,0.1171875,0.4837170526838646,0.4227018498902534
0.95,0.12109375,0.47865899385753613,0.4206690966324349
0.95,0.125,0.47360100691964047,0.41857299215600613
0.95,0.12890625,0.46854330549223877,0.41641385212659116
0.95,0.1328125,0.46348609454146494,0.41419200170273646
0.95,0.13671875,0.4584295705963004,0.41190777548694324
0.95,0.140625,0.4533739219610416,0.4095615174752775
0.95,0.14453125,0.4483193289216962,0.4071535810055657
0.95,0.1484375,0.44326596394653356,0.404684328704183
0.95,0.15234375,0.4382139918810058,0.40215413243144343
0.95,0.15625,0.43316357013724566,0.3995633732255989
0.95,0.16015625,0.4281148488783395,0.3969124412454561
0.95,0.1640625,0.42306797119756545,0.3942017357116204
0.95,0.16796875,0.4180230732927773,0.3914316648463746
0.95,0.171875,0.41298028463610914,0.3886026458122016
0.95,0.17578125,0.4079397281391673,0.38571510464896225
0.95,0.1796875,0.4029015203138693,0.38276947620973434
0.95,0.18359375,0.39786577142908314,0.37976620409532613
0.95,0.1875,0.3928325856632152,0.37670574058747097
0.95,0.19140625,0.3878020612528858,0.37358854658071605
0.95,0.1953125,0.38277429063783,0.37041509151301266
0.95,0.19921875,0.37774936060215275,0.3671858532950212
0.95,0.203125,0.37272735241206323,0.36390131823813926
0.95,0.20703125,0.3677083419502088,0.3605619809812648
0.95,0.2109375,0.36269239984672375,0.3571683444163059
0.95,0.21484375,0.35767959160710344,0.3537209196124463
0.95,0.21875,0.35266997773701103,0.35022022573918077
0.95,0.22265625,0.34766361386411837,0.3466667899881303
0.95,0.2265625,0.3426605508570806,0.34306114749364813
0.95,0.23046875,0.33766083494173854,0.33940384125223155
0.95,0.234375,0.3326645078146413,0.33569542204074787
0.95,0.23828125,0.3276716067539754,0.33193644833348956
0.95,0.2421875,0.32268216472798705,0.32812748621807053
0.95,0.24609375,0.31769621050097774,0.3242691093101748
0.95,0.25,0.31271376873695295,0.3203618986671725
0.95,0.25390625,0.3077348601009987,0.3164064427006146
0.95,0.2578125,0.30275950135846064,0.3124033370876203
0.95,0.26171875,0.29778770547199496,0.3083531846811704
0.95,0.265625,0.29281948169655997,0.30425659541931965
0.95,0.26953125,0.28785483567241427,0.30011418623334246
0.95,0.2734375,0.28289376951618483,0.2959265809548253
0.95,0.27734375,0.27793628191006675,0.2916944102217199
0.95,0.28125,0.27298236818921373,0.2874183113833714
0.95,0.28515625,0.2680320204273772,0.2830989284045362
0.95,0.2890625,0.2630852275208494,0.27873691176840304
0.95,0.29296875,0.2581419752707643,0.27433291837863244
0.95,0.296875,0.25320224646380873,0.2698876114604298
0.95,0.30078125,0.24826602095139358,0.2654016604606659
0.95,0.3046875,0.24333327572733487,0.2608757409470606
0.95,0.30859375,0.23840398500409146,0.2563105345064451
0.95,0.3125,0.23347812028760562,0.2517067286421172
0.95,0.31640625,0.22855565045079132,0.24706501667030586
0.95,0.3203125,0.2236365418057132,0.24238609761576047
0.95,0.32421875,0.2187207581744988,0.2376706761064804
0.95,0.328125,0.21380826095902442,0.2329194622676001
0.95,0.33203125,0.208899009209415,0.22813317161444735
0.95,0.3359375,0.20399295969139636,0.22331252494478931
0.95,0.33984375,0.1990900669525373,0.21845824823028262
0.95,0.34375,0.19419028338741887,0.213571072507145
0.95,0.34765625,0.18929355930176567,0.20865173376606397
0.95,0.3515625,0.1843998429755749,0.20370097284135913
0.95,0.35546875,0.17950908072527635,0.19871953529941547
0.95,0.359375,0.17462121696495683,0.19370817132640358
0.95,0.36328125,0.1697361942666815,0.18866763561530459
0.95,0.3671875,0.1648539534199433,0.1835986872522561
0.95,0.37109375,0.15997443349027174,0.1785020896022364
0.95,0.375,0.1550975718770308,0.1733786101941049
0.95,0.37890625,0.15022330437043607,0.16822902060501482
0.95,0.3828125,0.1453515652078193,0.1630540963442166
0.95,0.38671875,0.14048228712916938,0.15785461673626908
0.95,0.390625,0.13561540143197695,0.15263136480367595
0.95,0.39453125,0.13075083802541015,0.14738512714896565
0.95,0.3984375,0.12588852548384805,0.14211669383623185
0.95,0.40234375,0.12102839109979814,0.1368268582721526
0.95,0.40625,0.11617036093622343,0.13151641708650635
0.95,0.41015625,0.11131435987830449,0.12618617001220223
0.95,0.4140625,0.1064603116846614,0.12083691976484344
0.95,0.41796875,0.10160813903806015,0.11546947192184125
0.95,0.421875,0.09675776359562734,0.11008463480109769
0.95,0.42578125,0.09190910603859717,0.1046832193392762
0.95,0.4296875,0.08706208612161419,0.09926603896967735
0.95,0.43359375,0.08221662272161455,0.09383390949973887
0.95,0.4375,0.07737263388630909,0.08838764898817802
0.95,0.44140625,0.07253003688229027,0.08292807762179487
0.95,0.4453125,0.0676887482427857,0.07745601759195521
0.95,0.44921875,0.06284868381507977,0.07197229297077194
0.95,0.453125,0.05800975880762577,0.06647772958700211
0.95,0.45703125,0.05317188783686952,0.060973154901680766
0.95,0.4609375,0.04833498497380626,0.05545939788350818
0.95,0.46484375,0.0434989637902919,0.04993728888401002
0.95,0.46875,0.038663737405129635,0.04440765951248968
0.95,0.47265625,0.03382921852995286,0.03887134251079102
0.95,0.4765625,0.02899531951492511,0.03332917162789021
0.95,0.48046875,0.024161952394277722,0.027781981494336572
0.95,0.484375,0.019329028931705624,0.02223060749656007
0.95,0.48828125,0.014496460665641819,0.01667588565106519
0.95,0.4921875,0.009664158954430822,0.011118652478529991
0.95,0.49609375,0.004832035021421339,0.005559744877829119
0.95,0.5,-1.5233009355255856e-15,1.6660929639639598e-17
0.95,0.50390625,-0.004832035021424386,-0.005559744877829063
0.95,0.5078125,-0.00966415895443387,-0.011118652478529958
0.95,0.51171875,-0.014496460665644868,-0.016675885651065127
0.95,0.515625,-0.019329028931708674,-0.022230607496560036
0.95,0.51953125,-0.024161952394280775,-0.027781981494336538
0.95,0.5234375,-0.02899531951492817,-0.033329171627890154
0.95,0.52734375,-0.03382921852995592,-0.038871342510790934
0.95,0.53125,-0.0386637374051327,-0.04440765951248959
0.95,0.53515625,-0.04349896379029497,-0.04993728888400992
0.95,0.5390625,-0.04833498497380933,-0.055459397883508114
0.95,0.54296875,-0.05317188783687259,-0.060973154901680704
0.95,0.546875,-0.058009758807628854,-0.06647772958700203
0.95,0.55078125,-0.06284868381508285,-0.07197229297077183
0.95,0.5546875,-0.06768874824278878,-0.07745601759195513
0.95,0.55859375,-0.07253003688229338,-0.08292807762179476
0.95,0.5625,-0.07737263388631219,-0.08838764898817793
0.95,0.56640625,-0.08221662272161767,-0.0938339094997388
0.95,0.5703125,-0.08706208612161731,-0.09926603896967733
0.95,0.57421875,-0.0919091060386003,-0.10468321933927612
0.95,0.578125,-0.09675776359563047,-0.11008463480109763
0.95,0.58203125,-0.1016081390380633,-0.11546947192184118
0.95,0.5859375,-0.10646031168466456,-0.12083691976484338
0.95,0.58984375,-0.11131435987830765,-0.12618617001220211
0.95,0.59375,-0.11617036093622661,-0.13151641708650624
0.95,0.59765625,-0.12102839109980133,-0.13682685827215252
0.95,0.6015625,-0.12588852548385124,-0.14211669383623182
0.95,0.60546875,-0.13075083802541337,-0.14738512714896562
0.95,0.609375,-0.1356154014319802,-0.1526313648036759
0.95,0.61328125,-0.14048228712917266,-0.157854616736269
0.95,0.6171875,-0.14535156520782258,-0.16305409634421653
0.95,0.62109375,-0.15022330437043935,-0.16822902060501477
0.95,0.625,-0.1550975718770341,-0.17337861019410483
0.95,0.62890625,-0.15997443349027504,-0.1785020896022363
0.95,0.6328125,-0.16485395341994663,-0.183598687252256
0.95,0.63671875,-0.16973619426668485,-0.18866763561530453
0.95,0.640625,-0.1746212169649602,-0.1937081713264035
0.95,0.64453125,-0.17950908072527974,-0.19871953529941538
0.95,0.6484375,-0.18439984297557835,-0.20370097284135902
0.95,0.65234375,-0.1892935593017691,-0.20865173376606388
0.95,0.65625,-0.19419028338742234,-0.21357107250714485
0.95,0.66015625,-0.19909006695254078,-0.21845824823028248
0.95,0.6640625,-0.20399295969139986,-0.22331252494478926
0.95,0.66796875,-0.20889900920941853,-0.22813317161444735
0.95,0.671875,-0.21380826095902797,-0.23291946226760002
0.95,0.67578125,-0.21872075817450237,-0.23767067610648032
0.95,0.6796875,-0.22363654180571682,-0.2423860976157604
0.95,0.68359375,-0.22855565045079496,-0.24706501667030575
0.95,0.6875,-0.23347812028760928,-0.251706728642117
0.95,0.69140625,-0.23840398500409515,-0.2563105345064449
0.95,0.6953125,-0.2433332757273386,-0.26087574094706056
0.95,0.69921875,-0.24826602095139733,-0.2654016604606657
0.95,0.703125,-0.2532022464638125,-0.2698876114604297
0.95,0.70703125,-0.25814197527076804,-0.2743329183786323
0.95,0.7109375,-0.2630852275208531,-0.2787369117684029
0.95,0.71484375,-0.2680320204273809,-0.2830989284045361
0.95,0.71875,-0.2729823681892174,-0.28741831138337126
0.95,0.72265625,-0.2779362819100704,-0.2916944102217197
0.95,0.7265625,-0.2828937695161885,-0.2959265809548252
0.95,0.73046875,-0.2878548356724179,-0.3001141862333424
0.95,0.734375,-0.2928194816965636,-0.3042565954193196
0.95,0.73828125,-0.29778770547199856,-0.3083531846811703
0.95,0.7421875,-0.30275950135846424,-0.31240333708762014
0.95,0.74609375,-0.3077348601010022,-0.31640644270061447
0.95,0.75,-0.31271376873695644,-0.3203618986671724
0.95,0.75390625,-0.3176962105009813,-0.3242691093101748
0.95,0.7578125,-0.32268216472799055,-0.32812748621807053
0.95,0.76171875,-0.3276716067539789,-0.33193644833348956
0.95,0.765625,-0.3326645078146448,-0.33569542204074787
0.95,0.76953125,-0.33766083494174204,-0.33940384125223155
0.95,0.7734375,-0.342660550857084,-0.3430611474936481
0.95,0.77734375,-0.3476636138641218,-0.3466667899881302
0.95,0.78125,-0.3526699777370145,-0.3502202257391807
0.95,0.78515625,-0.3576795916071069,-0.35372091961244617
0.95,0.7890625,-0.36269239984672713,-0.3571683444163059
0.95,0.79296875,-0.3677083419502122,-0.36056198098126474
0.95,0.796875,-0.3727273524120666,-0.36390131823813926
0.95,0.80078125,-0.37774936060215614,-0.3671858532950211
0.95,0.8046875,-0.38277429063783336,-0.3704150915130126
0.95,0.80859375,-0.38780206125288913,-0.373588546580716
0.95,0.8125,-0.39283258566321855,-0.37670574058747097
0.95,0.81640625,-0.3978657714290865,-0.379766204095326
0.95,0.8203125,-0.4029015203138726,-0.3827694762097343
0.95,0.82421875,-0.4079397281391707,-0.3857151046489622
0.95,0.828125,-0.4129802846361125,-0.38860264581220155
0.95,0.83203125,-0.41802307329278066,-0.3914316648463745
0.95,0.8359375,-0.42306797119756884,-0.39420173571162037
0.95,0.83984375,-0.4281148488783429,-0.39691244124545605
0.95,0.84375,-0.433163570137249,-0.39956337322559876
0.95,0.84765625,-0.4382139918810092,-0.4021541324314433
0.95,0.8515625,-0.4432659639465369,-0.40468432870418297
0.95,0.85546875,-0.4483193289216995,-0.40715358100556576
0.95,0.859375,-0.453373921961045,-0.4095615174752775
0.95,0.86328125,-0.4584295705963038,-0.41190777548694324
0.95,0.8671875,-0.46348609454146833,-0.41419200170273646
0.95,0.87109375,-0.46854330549224216,-0.41641385212659116
0.95,0.875,-0.47360100691964385,-0.4185729921560062
0.95,0.87890625,-0.4786589938575395,-0.4206690966324349
0.95,0.8828125,-0.483717052683868,-0.42270184989025333
0.95,0.88671875,-0.4887749608953118,-0.424670945804298
0.95,0.890625,-0.49383248687515685,-0.42657608783596696
0.95,0.89453125,-0.49888938965406965,-0.42841698907787795
0.95,0.8984375,-0.5039454186635115,-0.4301933722970754
0.95,0.90234375,-0.5090003134814922,-0.43190496997678046
0.95,0.90625,-0.5140538035703563,-0.4335515243566784
0.95,0.91015625,-0.519105608006276,-0.43513278747173606
0.95,0.9140625,-0.5241554352001128,-0.43664852118954467
0.95,0.91796875,-0.5292029826092924,-0.43809849724618155
0.95,0.921875,-0.5342479364403208,-0.4394824972805861
0.95,0.92578125,-0.5392899713415508,-0.44080031286744387
0.95,0.9296875,-0.5443287500857901,-0.44205174554857474
0.95,0.93359375,-0.5493639232423235,-0.4432366068628202
0.95,0.9375,-0.5543951288378963,-0.44435471837442436
0.95,0.94140625,-0.5594219920061901,-0.4454059116999065
0.95,0.9453125,-0.5644441246252937,-0.44639002853341847
0.95,0.94921875,-0.5694611249426501,-0.44730692067058464
0.95,0.953125,-0.5744725771869332,-0.44815645003082216
0.95,0.95703125,-0.5794780511662807,-0.44893848867813385
0.95,0.9609375,-0.5844771018522827,-0.4496529188403762
0.95,0.96484375,-0.5894692689490901,-0.4502996329269948
0.95,0.96875,-0.5944540764469812,-0.4508785335452266
0.95,0.97265625,-0.5994310321596846,-0.45138953351476824
0.95,0.9765625,-0.6043996272447243,-0.45183255588090365
0.95,0.98046875,-0.6093593357060145,-0.4522075339260942
0.95,0.984375,-0.6143096138778886,-0.45251441118002556
0.95,0.98828125,-0.6192498998897075,-0.4527531414281119
0.95,0.9921875,-0.6241796131101459,-0.4529236887184562
0.95,0.99609375,-0.6290981535702069,-0.4530260273672636
0.95,1.0,-0.6340049013639664,-0.4530601419627104
0.95,1.00390625,-0.6388992160259926,-0.45302602736726366
0.95,1.0078125,-0.643780435884334,-0.4529236887184562
0.95,1.01171875,-0.6486478773879029,-0.4527531414281119
0.95,1.015625,-0.6535008344070243,-0.4525144111800255
0.95,1.01953125,-0.6583385775058489,-0.4522075339260942
0.95,1.0234375,-0.6631603531852567,-0.45183255588090365
0.95,1.02734375,-0.6679653830948074,-0.45138953351476824
0.95,1.03125,-0.6727528632122073,-0.45087853354522667
0.95,1.03515625,-0.6775219629886803,-0.45029963292699476
0.95,1.0390625,-0.6822718244585408,-0.44965291884037634
0.95,1.04296875,-0.6870015613111696,-0.44893848867813385
0.95,1.046875,-0.6917102579234903,-0.4481564500308221
0.95,1.05078125,-0.6963969683509399,-0.4473069206705846
0.95,1.0546875,-0.7010607152748086,-0.4463900285334183
0.95,1.05859375,-0.7057004889037034,-0.4454059116999065
0.95,1.0625,-0.7103152458267604,-0.44435471837442436
0.95,1.06640625,-0.7149039078160941,-0.4432366068628201
0.95,1.0703125,-0.7194653605758234,-0.44205174554857474
0.95,1.07421875,-0.7239984524348599,-0.4408003128674438
0.95,1.078125,-0.7285019929804792,-0.439482497280586
0.95,1.08203125,-0.7329747516295179,-0.43809849724618144
0.95,1.0859375,-0.7374154561338543,-0.43664852118954456
0.95,1.08984375,-0.7418227910166294,-0.435132787471736
0.95,1.09375,-0.7461953959354544,-0.4335515243566783
0.95,1.09765625,-0.7505318639686247,-0.4319049699767804
0.95,1.1015625,-0.7548307398201214,-0.43019337229707544
0.95,1.10546875,-0.7590905179389243,-0.42841698907787795
0.95,1.109375,-0.7633096405478904,-0.4265760878359669
0.95,1.11328125,-0.7674864955771604,-0.424670945804298
0.95,1.1171875,-0.771619414496751,-0.4227018498902534
0.95,1.12109375,-0.7757066700426591,-0.4206690966324349
0.95,1.125,-0.7797464738304584,-0.41857299215600613
0.95,1.12890625,-0.7837369738499944,-0.41641385212659116
0.95,1.1328125,-0.7876762518343935,-0.41419200170273646
0.95,1.13671875,-0.7915623204961754,-0.41190777548694324
0.95,1.140625,-0.7953931206228158,-0.4095615174752775
0.95,1.14453125,-0.7991665180236287,-0.4071535810055657
0.95,1.1484375,-0.8028803003193331,-0.404684328704183
0.95,1.15234375,-0.8065321735651291,-0.40215413243144343
0.95,1.15625,-0.810119758697544,-0.3995633732255989
0.95,1.16015625,-0.8136405877946963,-0.3969124412454561
0.95,1.1640625,-0.8170921001389871,-0.3942017357116204
0.95,1.16796875,-0.8204716380705499,-0.3914316648463746
0.95,1.171875,-0.8237764426190615,-0.3886026458122016
0.95,1.17578125,-0.8270036489007621,-0.38571510464896225
0.95,1.1796875,-0.8301502812667225,-0.38276947620973434
0.95,1.18359375,-0.8332132481875456,-0.37976620409532613
0.95,1.1875,-0.8361893368587949,-0.37670574058747097
0.95,1.19140625,-0.839075207510504,-0.37358854658071605
0.95,1.1953125,-0.841867387403125,-0.37041509151301266
0.95,1.19921875,-0.8445622644912482,-0.3671858532950212
0.95,1.203125,-0.847156080735342,-0.36390131823813926
0.95,1.20703125,-0.8496449250406396,-0.3605619809812648
0.95,1.2109375,-0.8520247258011396,-0.3571683444163059
0.95,1.21484375,-0.8542912430254894,-0.3537209196124463
0.95,1.21875,-0.8564400600202922,-0.35022022573918077
0.95,1.22265625,-0.8584665746051321,-0.3466667899881303
0.95,1.2265625,-0.8603659898323537,-0.34306114749364813
0.95,1.23046875,-0.8621333041833756,-0.33940384125223155
0.95,1.234375,-0.8637633012120834,-0.33569542204074787
0.95,1.23828125,-0.8652505386046568,-0.33193644833348956
0.95,1.2421875,-0.8665893366240612,-0.32812748621807053
0.95,1.24609375,-0.8677737659064155,-0.3242691093101748
0.95,1.25,-0.8687976345755746,-0.3203618986671725
0.95,1.25390625,-0.8696544746415834,-0.3164064427006146
0.95,1.2578125,-0.87033752764824,-0.3124033370876203
0.95,1.26171875,-0.8708397295349131,-0.3083531846811704
0.95,1.265625,-0.8711536946780896,-0.30425659541931965
0.95,1.26953125,-0.8712716990789963,-0.30011418623334246
0.95,1.2734375,-0.8711856626651575,-0.2959265809548253
0.95,1.27734375,-0.870887130676102,-0.2916944102217199
0.95,1.28125,-0.8703672541067815,-0.2874183113833714
0.95,1.28515625,-0.8696167691868496,-0.2830989284045362
0.95,1.2890625,-0.8686259758800331,-0.27873691176840304
0.95,1.29296875,-0.8673847153957279,-0.27433291837863244
0.95,1.296875,-0.8658823467150457,-0.2698876114604298
0.95,1.30078125,-0.8641077221462645,-0.2654016604606659
0.95,1.3046875,-0.8620491619405245,-0.2608757409470606
0.95,1.30859375,-0.8596944280182698,-0.2563105345064451
0.95,1.3125,-0.8570306968810902,-0.2517067286421172
0.95,1.31640625,-0.8540445318130968,-0.24706501667030592
0.95,1.3203125,-0.8507218545117468,-0.24238609761576052
0.95,1.32421875,-0.8470479163312489,-0.23767067610648046
0.95,1.328125,-0.8430072693735994,-0.23291946226760016
0.95,1.33203125,-0.8385837377244238,-0.2281331716144474
0.95,1.3359375,-0.833760389204772,-0.22331252494478937
0.95,1.33984375,-0.8285195080977219,-0.21845824823028268
0.95,1.34375,-0.8228425694121517,-0.21357107250714505
0.95,1.34765625,-0.8167102153676112,-0.20865173376606402
0.95,1.3515625,-0.810102234926275,-0.20370097284135918
0.95,1.35546875,-0.80299754736303,-0.19871953529941552
0.95,1.359375,-0.7953741910553785,-0.19370817132640364
0.95,1.36328125,-0.7872093188934612,-0.18866763561530464
0.95,1.3671875,-0.7784792019592314,-0.18359868725225614
0.95,1.37109375,-0.7691592434041941,-0.17850208960223646
0.95,1.375,-0.7592240047677019,-0.17337861019410494
0.95,1.37890625,-0.7486472473216982,-0.16822902060501488
0.95,1.3828125,-0.7374019913999849,-0.16305409634421666
0.95,1.38671875,-0.7254605970646073,-0.15785461673626913
0.95,1.390625,-0.712794869868816,-0.152631364803676
0.95,1.39453125,-0.6993761958801215,-0.1473851271489657
0.95,1.3984375,-0.6851757105063293,-0.1421166938362319
0.95,1.40234375,-0.6701645059919986,-0.13682685827215266
0.95,1.40625,-0.6543138826824201,-0.1315164170865064
0.95,1.41015625,-0.6375956492353706,-0.12618617001220228
0.95,1.4140625,-0.6199824768332449,-0.12083691976484347
0.95,1.41796875,-0.601448312032242,-0.11546947192184127
0.95,1.421875,-0.5819688520913542,-0.11008463480109772
0.95,1.42578125,-0.5615220853528251,-0.10468321933927623
0.95,1.4296875,-0.5400888973946856,-0.09926603896967738
0.95,1.43359375,-0.517653741147793,-0.0938339094997389
0.95,1.4375,-0.4942053658869968,-0.08838764898817805
0.95,1.44140625,-0.4697375959295018,-0.0829280776217949
0.95,1.4453125,-0.4442501450260204,-0.07745601759195524
0.95,1.44921875,-0.4177494469232762,-0.07197229297077197
0.95,1.453125,-0.39024947663679344,-0.06647772958700214
0.95,1.45703125,-0.361772530965397,-0.06097315490168081
0.95,1.4609375,-0.3323499312165578,-0.055459397883508205
0.95,1.46484375,-0.3020226066468189,-0.04993728888401005
0.95,1.46875,-0.27084151450781174,-0.044407659512489706
0.95,1.47265625,-0.23886785260966,-0.038871342510791045
0.95,1.4765625,-0.2061730236776389,-0.03332917162789024
0.95,1.48046875,-0.1728383179836879,-0.027781981494336607
0.95,1.484375,-0.13895429193055805,-0.022230607496560105
0.95,1.48828125,-0.10461983513022691,-0.016675885651065224
0.95,1.4921875,-0.06994093618723496,-0.011118652478530026
0.95,1.49609375,-0.0350291764860458,-0.005559744877829153
0.95,1.5,-1.6851720651060428e-15,-5.067026621111332e-17
0.95,1.50390625,0.03502917648604243,0.005559744877829028
0.95,1.5078125,0.06994093618723159,0.011118652478529924
0.95,1.51171875,0.10461983513022359,0.016675885651065092
0.95,1.515625,0.1389542919305548,0.02223060749656
0.95,1.51953125,0.17283831798368465,0.027781981494336503
0.95,1.5234375,0.20617302367763568,0.03332917162789011
0.95,1.52734375,0.23886785260965676,0.03887134251079089
0.95,1.53125,0.27084151450780847,0.044407659512489546
0.95,1.53515625,0.30202260664681563,0.049937288884009876
0.95,1.5390625,0.3323499312165546,0.05545939788350807
0.95,1.54296875,0.36177253096539375,0.06097315490168066
0.95,1.546875,0.39024947663679016,0.066477729587002
0.95,1.55078125,0.417749446923273,0.0719722929707718
0.95,1.5546875,0.44425014502601723,0.0774560175919551
0.95,1.55859375,0.46973759592949876,0.08292807762179473
0.95,1.5625,0.49420536588699376,0.0883876489881779
0.95,1.56640625,0.51765374114779,0.09383390949973877
0.95,1.5703125,0.5400888973946827,0.0992660389696773
0.95,1.57421875,0.5615220853528223,0.10468321933927609
0.95,1.578125,0.5819688520913514,0.1100846348010976
0.95,1.58203125,0.6014483120322394,0.11546947192184115
0.95,1.5859375,0.6199824768332424,0.12083691976484336
0.95,1.58984375,0.637595649235368,0.12618617001220211
0.95,1.59375,0.6543138826824175,0.13151641708650624
0.95,1.59765625,0.6701645059919961,0.13682685827215252
0.95,1.6015625,0.6851757105063269,0.14211669383623182
0.95,1.60546875,0.6993761958801191,0.14738512714896562
0.95,1.609375,0.7127948698688137,0.1526313648036759
0.95,1.61328125,0.7254605970646051,0.157854616736269
0.95,1.6171875,0.7374019913999826,0.16305409634421653
0.95,1.62109375,0.748647247321696,0.16822902060501477
0.95,1.625,0.7592240047676998,0.17337861019410483
0.95,1.62890625,0.7691592434041918,0.1785020896022363
0.95,1.6328125,0.7784792019592293,0.183598687252256
0.95,1.63671875,0.7872093188934592,0.18866763561530453
0.95,1.640625,0.7953741910553765,0.1937081713264035
0.95,1.64453125,0.802997547363028,0.19871953529941538
0.95,1.6484375,0.8101022349262731,0.20370097284135902
0.95,1.65234375,0.8167102153676093,0.20865173376606388
0.95,1.65625,0.8228425694121498,0.21357107250714485
0.95,1.66015625,0.82851950809772,0.21845824823028248
0.95,1.6640625,0.8337603892047701,0.22331252494478926
0.95,1.66796875,0.838583737724422,0.22813317161444735
0.95,1.671875,0.8430072693735976,0.23291946226760002
0.95,1.67578125,0.8470479163312471,0.23767067610648032
0.95,1.6796875,0.850721854511745,0.2423860976157604
0.95,1.68359375,0.854044531813095,0.24706501667030575
0.95,1.6875,0.8570306968810885,0.251706728642117
0.95,1.69140625,0.859694428018268,0.2563105345064449
0.95,1.6953125,0.8620491619405227,0.26087574094706056
0.95,1.69921875,0.8641077221462627,0.2654016604606657
0.95,1.703125,0.8658823467150439,0.2698876114604297
0.95,1.70703125,0.8673847153957261,0.2743329183786323
0.95,1.7109375,0.8686259758800314,0.2787369117684029
0.95,1.71484375,0.8696167691868479,0.2830989284045361
0.95,1.71875,0.8703672541067798,0.28741831138337126
0.95,1.72265625,0.8708871306761004,0.2916944102217197
0.95,1.7265625,0.8711856626651558,0.2959265809548252
0.95,1.73046875,0.8712716990789946,0.3001141862333424
0.95,1.734375,0.8711536946780879,0.3042565954193196
0.95,1.73828125,0.8708397295349114,0.3083531846811703
0.95,1.7421875,0.8703375276482385,0.31240333708762014
0.95,1.74609375,0.8696544746415817,0.31640644270061447
0.95,1.75,0.868797634575573,0.3203618986671724
0.95,1.75390625,0.867773765906414,0.3242691093101748
0.95,1.7578125,0.8665893366240596,0.32812748621807053
0.95,1.76171875,0.8652505386046552,0.33193644833348956
0.95,1.765625,0.8637633012120818,0.33569542204074787
0.95,1.76953125,0.862133304183374,0.33940384125223155
0.95,1.7734375,0.8603659898323521,0.3430611474936481
0.95,1.77734375,0.8584665746051304,0.3466667899881302
0.95,1.78125,0.8564400600202905,0.3502202257391807
0.95,1.78515625,0.8542912430254879,0.35372091961244617
0.95,1.7890625,0.852024725801138,0.3571683444163059
0.95,1.79296875,0.8496449250406379,0.36056198098126474
0.95,1.796875,0.8471560807353404,0.36390131823813926
0.95,1.80078125,0.8445622644912465,0.3671858532950211
0.95,1.8046875,0.8418673874031233,0.3704150915130126
0.95,1.80859375,0.8390752075105024,0.373588546580716
0.95,1.8125,0.8361893368587933,0.37670574058747097
0.95,1.81640625,0.8332132481875438,0.379766204095326
0.95,1.8203125,0.8301502812667209,0.3827694762097343
0.95,1.82421875,0.8270036489007604,0.3857151046489622
0.95,1.828125,0.8237764426190597,0.38860264581220155
0.95,1.83203125,0.8204716380705482,0.3914316648463745
0.95,1.8359375,0.8170921001389855,0.39420173571162037
0.95,1.83984375,0.8136405877946946,0.39691244124545605
0.95,1.84375,0.8101197586975424,0.39956337322559876
0.95,1.84765625,0.8065321735651273,0.4021541324314433
0.95,1.8515625,0.8028803003193313,0.40468432870418297
0.95,1.85546875,0.7991665180236269,0.40715358100556576
0.95,1.859375,0.795393120622814,0.4095615174752775
0.95,1.86328125,0.7915623204961736,0.41190777548694324
0.95,1.8671875,0.7876762518343917,0.41419200170273646
0.95,1.87109375,0.7837369738499925,0.41641385212659116
0.95,1.875,0.7797464738304566,0.4185729921560062
0.95,1.87890625,0.7757066700426574,0.4206690966324349
0.95,1.8828125,0.7716194144967492,0.42270184989025333
0.95,1.88671875,0.7674864955771585,0.424670945804298
0.95,1.890625,0.7633096405478885,0.42657608783596696
0.95,1.89453125,0.7590905179389225,0.42841698907787795
0.95,1.8984375,0.7548307398201195,0.4301933722970754
0.95,1.90234375,0.7505318639686228,0.43190496997678046
0.95,1.90625,0.7461953959354525,0.4335515243566784
0.95,1.91015625,0.7418227910166275,0.43513278747173606
0.95,1.9140625,0.7374154561338524,0.43664852118954467
0.95,1.91796875,0.7329747516295159,0.43809849724618155
0.95,1.921875,0.7285019929804772,0.4394824972805861
0.95,1.92578125,0.7239984524348579,0.44080031286744387
0.95,1.9296875,0.7194653605758214,0.44205174554857474
0.95,1.93359375,0.7149039078160921,0.4432366068628202
0.95,1.9375,0.7103152458267583,0.44435471837442436
0.95,1.94140625,0.7057004889037013,0.4454059116999065
0.95,1.9453125,0.7010607152748065,0.44639002853341847
0.95,1.94921875,0.6963969683509378,0.44730692067058464
0.95,1.953125,0.6917102579234882,0.4481564500308223
0.95,1.95703125,0.6870015613111674,0.44893848867813396
0.95,1.9609375,0.6822718244585386,0.44965291884037634
0.95,1.96484375,0.6775219629886781,0.45029963292699493
0.95,1.96875,0.672752863212205,0.4508785335452267
0.95,1.97265625,0.6679653830948051,0.45138953351476835
0.95,1.9765625,0.6631603531852543,0.45183255588090376
0.95,1.98046875,0.6583385775058466,0.4522075339260943
0.95,1.984375,0.653500834407022,0.45251441118002567
0.95,1.98828125,0.6486478773879004,0.452753141428112
0.95,1.9921875,0.6437804358843315,0.4529236887184563
0.95,1.99609375,0.6388992160259902,0.4530260273672637
