study,fixture,geometry,N,m,resolution_K,magnitude_nonlinear,phase_nonlinear_rad,real_nonlinear,imag_nonlinear,magnitude_linearized,phase_linearized_rad,real_linearized,imag_linearized,R_K,delta_phase_rad,second_harmonic_ratio_nonlinear,third_harmonic_ratio_nonlinear,pump_gain_nonlinear,pump_gain_linearized,signal_gain_nonlinear,signal_gain_linearized,carrier_separation_quality
frozen_intensity_material,broad_beam,45deg,256,0.03125,marginal,0.0038145434503352566,1.5707963267948966,2.3357342133307866e-19,0.0038145434503352566,0.0038135898799557134,1.5707963267948966,2.3351503198742517e-19,0.0038135898799557134,1.0002500453403642,0.0,,,,,,,
frozen_intensity_material,broad_beam,45deg,256,0.0625,marginal,0.007634811943051541,1.5707963267948966,4.674974004075028e-19,0.007634811943051541,0.007627179759911425,1.5707963267948966,4.670300639748502e-19,0.007627179759911425,1.0010006559934814,0.0,,,,,,,
frozen_intensity_material,broad_beam,45deg,256,0.125,marginal,0.01531575374117081,1.5707963267948966,9.378194397826967e-19,0.01531575374117081,0.01525435951982285,1.5707963267948966,9.340601279497005e-19,0.01525435951982285,1.0040247000385811,0.0,,,,,,,
frozen_intensity_material,broad_beam,45deg,256,0.25,marginal,0.03101197503629344,1.5707963267948966,1.8989357981717194e-18,0.03101197503629344,0.0305087190396457,1.5707963267948966,1.868120255899401e-18,0.0305087190396457,1.0164954810457223,0.0,,,,,,,
frozen_intensity_material,broad_beam,45deg,256,0.5,marginal,0.06550534315634707,1.5707963267948966,4.011045441173471e-18,0.06550534315634707,0.0610174380792914,1.5707963267948966,3.736240511798802e-18,0.0610174380792914,1.0735511882885624,0.0,,,,,,,
frozen_intensity_material,broad_beam,45deg,512,0.03125,resolved,0.005689680357154459,1.5707963267948966,3.4839244187803887e-19,0.005689680357154459,0.005688230516473464,1.5707963267948966,3.4830366474057613e-19,0.005688230516473464,1.000254884304846,0.0,0.011045109044530823,,,,,,
frozen_intensity_material,broad_beam,45deg,512,0.0625,resolved,0.011388067981748575,1.5707963267948966,6.973180501160425e-19,0.011388067981748575,0.011376461032946926,1.5707963267948966,6.966073294811522e-19,0.011376461032946926,1.001020260058733,0.0,0.02210686274695525,,,,,,
frozen_intensity_material,broad_beam,45deg,512,0.125,resolved,0.02284631358776521,1.5707963267948966,1.3989332403786675e-18,0.02284631358776521,0.02275292206589385,1.5707963267948966,1.3932146589623043e-18,0.02275292206589385,1.0041045946362799,0.0,0.044347860630942613,,,,,,
frozen_intensity_material,broad_beam,45deg,512,0.25,resolved,0.04627192999993487,1.5707963267948966,2.833338548239531e-18,0.04627192999993487,0.0455058441317877,1.5707963267948966,2.7864293179246087e-18,0.0455058441317877,1.016834889732592,0.0,0.08980247615695179,,,,,,
frozen_intensity_material,broad_beam,45deg,512,0.5,resolved,0.09786686178745761,1.5707963267948966,5.992616951530319e-18,0.09786686178745761,0.0910116882635754,1.5707963267948966,5.572858635849217e-18,0.0910116882635754,1.0753219026552854,0.0,0.18975207938193397,,,,,,
frozen_intensity_material,broad_beam,45deg,1024,0.03125,resolved,0.006209881359577895,1.5707963267948966,3.8024556650459413e-19,0.006209881359577895,0.006208291941769799,1.5707963267948966,3.801482427330345e-19,0.006208291941769799,1.0002560153135522,0.0,0.010244709291705609,0.00011427429686636933,,,,,
frozen_intensity_material,broad_beam,45deg,1024,0.0625,resolved,0.012429308793733003,1.5707963267948966,7.610756614929586e-19,0.012429308793733003,0.012416583883539598,1.5707963267948966,7.60296485466069e-19,0.012416583883539598,1.0010248318146728,0.0,0.020504859927116825,0.0004577812240951329,,,,,
frozen_intensity_material,broad_beam,45deg,1024,0.125,resolved,0.02493555734633799,1.5707963267948966,1.5268625244574043e-18,0.02493555734633799,0.024833167767079195,1.5707963267948966,1.520592970932138e-18,0.024833167767079195,1.0041230977948181,0.0,0.04113415584398119,0.0018421698813810895,,,,,
frozen_intensity_material,broad_beam,45deg,1024,0.25,resolved,0.050506259407324325,1.5707963267948966,3.0926164460042815e-18,0.050506259407324325,0.04966633553415839,1.5707963267948966,3.041185941864276e-18,0.04966633553415839,1.0169113316723009,0.0,0.08329492180755597,0.007552292801937758,,,,,
frozen_intensity_material,broad_beam,45deg,1024,0.5,resolved,0.10684894402941249,1.5707963267948966,6.542610864894735e-18,0.10684894402941249,0.09933267106831678,1.5707963267948966,6.082371883728552e-18,0.09933267106831678,1.0756676819445068,0.0,0.17599654544979848,0.03368636913121284,,,,,
frozen_intensity_material,broad_beam,x,256,0.03125,marginal,0.0022504161260069044,1.5707963267948966,1.377982452731971e-19,0.0022504161260069044,0.002249858310225018,1.5707963267948966,1.3776408890760704e-19,0.002249858310225018,1.000247933738472,0.0,,,,,,,
frozen_intensity_material,broad_beam,x,256,0.0625,marginal,0.004504185715639494,1.5707963267948966,2.758018309711568e-19,0.004504185715639494,0.004499716620450039,1.5707963267948966,2.7552817781521433e-19,0.004499716620450039,1.0009931948090116,0.0,,,,,,,
frozen_intensity_material,broad_beam,x,256,0.125,marginal,0.009035398158721,1.5707963267948966,5.532585717049781e-19,0.009035398158721,0.008999433240900072,1.5707963267948966,5.510563556304282e-19,0.008999433240900072,1.0039963536434136,0.0,,,,,,,
frozen_intensity_material,broad_beam,x,256,0.25,marginal,0.01829363533047368,1.5707963267948966,1.1201620976116761e-18,0.01829363533047368,0.01799886648180015,1.5707963267948966,1.102112711260857e-18,0.01799886648180015,1.0163770784661128,0.0,,,,,,,
frozen_intensity_material,broad_beam,x,256,0.5,marginal,0.03862203478667821,1.5707963267948966,2.3649175639031598e-18,0.03862203478667821,0.0359977329636003,1.5707963267948966,2.204225422521714e-18,0.0359977329636003,1.0729018637293497,0.0,,,,,,,
frozen_intensity_material,broad_beam,x,512,0.03125,resolved,0.005968031932325124,1.5707963267948966,3.6543656015655782e-19,0.005968031932325124,0.005966456169994262,1.5707963267948966,3.6534007254182245e-19,0.005966456169994262,1.0002641035626452,0.0,0.010863173466640418,,,,,,
frozen_intensity_material,broad_beam,x,512,0.0625,resolved,0.011945538454943887,1.5707963267948966,7.314532716469325e-19,0.011945538454943887,0.01193291233998853,1.5707963267948966,7.306801450836454e-19,0.01193291233998853,1.001058091654042,0.0,0.021742944039431406,,,,,,
frozen_intensity_material,broad_beam,x,512,0.125,resolved,0.02396748070788409,1.5707963267948966,1.4675849266268096e-18,0.02396748070788409,0.023865824679977055,1.5707963267948966,1.4613602901672902e-18,0.023865824679977055,1.004259481047488,0.0,0.043619682752787464,,,,,,
frozen_intensity_material,broad_beam,x,512,0.25,resolved,0.04856646394186444,1.5707963267948966,2.9738382306154813e-18,0.04856646394186444,0.04773164935995411,1.5707963267948966,2.9227205803345804e-18,0.04773164935995411,1.0174897493194677,0.0,0.08834361532232253,,,,,,
frozen_intensity_material,broad_beam,x,512,0.5,resolved,0.10296730652616506,1.5707963267948966,6.3049291177046206e-18,0.10296730652616506,0.09546329871990825,1.5707963267948966,5.845441160669163e-18,0.09546329871990825,1.0786062068551996,0.0,0.18681066562917084,,,,,,
frozen_intensity_material,broad_beam,x,1024,0.03125,resolved,0.007071440231340058,1.5707963267948966,4.3300083223362105e-19,0.007071440231340058,0.007069556382245117,1.5707963267948966,4.3288547974541123e-19,0.007069556382245117,1.0002664734522342,0.0,0.009088990395624143,0.00010406424812824497,,,,,
frozen_intensity_material,broad_beam,x,1024,0.0625,resolved,0.014154207463707345,1.5707963267948966,8.666952432448388e-19,0.014154207463707345,0.01413911276449023,1.5707963267948966,8.657709594908223e-19,0.01413911276449023,1.0010675846121706,0.0,0.018191790788159263,0.0004168852655821134,,,,,
frozen_intensity_material,broad_beam,x,1024,0.125,resolved,0.028399755737012075,1.5707963267948966,1.738983497994926e-18,0.028399755737012075,0.028278225528980457,1.5707963267948966,1.7315419189816444e-18,0.028278225528980457,1.0042976603290426,0.0,0.03649491083469731,0.0016776895104237183,,,,,
frozen_intensity_material,broad_beam,x,1024,0.25,resolved,0.05755443737650745,1.5707963267948966,3.524192875493332e-18,0.05755443737650745,0.05655645105796091,1.5707963267948966,3.4630838379632883e-18,0.05655645105796091,1.017645844105808,0.0,0.0739087734826888,0.006879570488956735,,,,,
frozen_intensity_material,broad_beam,x,1024,0.5,resolved,0.122081596197671,1.5707963267948966,7.475341800913875e-18,0.122081596197671,0.11311290211592182,1.5707963267948966,6.926167675926577e-18,0.11311290211592182,1.0792897531048915,0.0,0.15625451904168353,0.030723080261050945,,,,,
production_static,broad_beam,45deg,256,0.03125,marginal,0.010884580823128738,1.5052866571811163,0.0007125353953874767,0.010861233493740106,0.008932311727405844,1.5877770973217997,-0.00015167024654013213,0.008931023957635901,1.21856257991232,-0.08249044014068341,,,0.9904592796661575,0.9911662079715753,4.469102892737411,4.2120565751152945,0.9975005520650263
production_static,broad_beam,45deg,256,0.125,marginal,0.044995920098456876,1.4988228795456398,0.0032357161952328594,0.044879426981754386,0.03370359710843915,1.5859431145544347,-0.0005104817120523002,0.033699730955449,1.3350480055195713,-0.08712023500879518,,,0.9282209841005955,0.9428983796801349,12.139526641509192,9.861712756245987,0.9975005520650263
production_static,broad_beam,45deg,256,0.5,marginal,0.08410372935290229,1.5974909672130428,-0.002244852175691618,0.08407376481266633,0.06808601522227639,1.5843044043842283,-0.0009196832069583972,0.06807980355176484,1.2352570359468653,0.013186562828814807,,,0.2726568649107743,0.5161731737258347,10.790228886701025,7.512435661016057,0.9975005520650263
production_static,broad_beam,x,256,0.03125,marginal,0.005229783503903421,2.7986715155129374,-0.004925287114050924,0.0017584602190167018,0.0046712468928680785,2.79804572987992,-0.004398286712396809,0.0015734107949557706,1.1195690623606513,0.000625785633017184,,,0.9988816042020282,0.9990111897796128,5.546691400846614,5.0198782347292905,0.9999982512171446
production_static,broad_beam,x,256,0.125,marginal,0.02116167846328905,2.7931897165583455,-0.019890266707206065,0.007224536365735982,0.01840082835029504,2.793461702354246,-0.017296998804560103,0.006277285745612357,1.1500394471616133,-0.0002719857959005978,,,0.9821647247885705,0.9844956672104364,5.5281578445420125,4.936360124147246,0.9999982512171446
production_static,broad_beam,x,256,0.5,marginal,0.10661029472594981,2.753392562465761,-0.09867762160783251,0.040354453724159224,0.05902393714310986,2.7928502823834087,-0.055470885477042244,0.020169432819656784,1.8062213380896928,-0.03945771991764779,,,0.6776898396875533,0.7882442747022155,5.489107043129093,3.9493147747365787,0.9999982512171446
production_static,gaussian_20um,45deg,256,1.0,marginal,0.001582865886371048,1.729943823444268,-0.0002508470998642549,0.001562862804831856,3.447953919525168e-05,1.5782515757783881,-2.5705116833896786e-07,3.447858100058285e-05,45.90739677254826,0.15169224766587952,,,0.4449429516586739,0.8104319541862302,1.5550570483413675,1.1895680458138105,0.9999999999999989
production_static,gaussian_20um,x,256,1.0,marginal,0.0002773389505621673,2.9132701480814616,-0.0002701412992236078,6.277397512270097e-05,5.393208789403981e-06,2.813389356397271,-5.1053356200595465e-06,1.7384617489768265e-06,51.42373703518658,0.0998807916841904,,,0.6429236479044211,0.8863799453936066,1.3570763520956066,1.1136200546064217,0.9999999999990957
