kg_rad_per_um,kg_over_kD,domain_length_um,grid_size,dx_um,dx_normalized,m,A1_linearized,A1_nonlinear,R_K,R_K_minus_one,A2_over_A1_nonlinear,A3_over_A1_nonlinear,A4_over_A1_nonlinear,A5_over_A1_nonlinear,delta_phase_rad,relative_L2_error,residual_rms_tolerance,residual_max_tolerance,nonlinear_iterations,nonlinear_residual_rms,nonlinear_residual_max
0.25,0.05837175145702132,25.132741228718345,512,0.04908738521234052,0.2102360473476763,0.01,0.000581720813564404,0.0005817353576434031,1.0000250018198764,2.5001819876413478e-05,0.0049497622305146715,2.434178664385735e-05,1.1897855828441105e-07,5.782973267688955e-10,0.0,0.004950008980576528,1e-12,1e-11,2,4.0841186215448286e-18,8.875634737804186e-18
0.25,0.05837175145702132,25.132741228718345,512,0.04908738521234052,0.2102360473476763,0.02,0.0011634416271288075,0.0011635579972190556,1.000100022285205,0.00010002228520500367,0.009900267125339823,9.73817562691113e-05,9.520427112524991e-07,9.255480264659966e-09,0.0,0.00990224156582152,1e-12,1e-11,2,6.281856684090813e-17,9.916849988216535e-17
0.25,0.05837175145702132,25.132741228718345,512,0.04908738521234052,0.2102360473476763,0.05,0.0029086040678220192,0.0029104242628482865,1.0006257967684238,0.0006257967684237808,0.024763680061279887,0.0006092761113213935,1.4899142023576858e-05,3.6230308689921487e-07,0.0,0.024794578913466758,1e-12,1e-11,2,2.467085112776887e-15,3.764635392972896e-15
0.25,0.05837175145702132,25.132741228718345,512,0.04908738521234052,0.2102360473476763,0.1,0.005817208135644037,0.005831824665127029,1.0025126364988441,0.002512636498844145,0.0496207538903774,0.0024463044981599814,0.00011986870844522265,5.840698809367929e-06,0.0,0.04986933345576705,1e-12,1e-11,2,4.0365203442112464e-14,6.606826156584263e-14
0.25,0.05837175145702132,25.132741228718345,512,0.04908738521234052,0.2102360473476763,0.2,0.011634416271288073,0.01175314998453817,1.0102053863710476,0.01020538637104762,0.10000305134138075,0.009935972158901058,0.000981195822549781,9.63528861251479e-05,0.0,0.10203755605177584,1e-12,1e-11,2,7.065120698817129e-13,1.31077015357744e-12
0.25,0.05837175145702132,25.132741228718345,512,0.04908738521234052,0.2102360473476763,0.4,0.023268832542576147,0.024282468063319768,1.0435619414463069,0.04356194144630687,0.2066103831906154,0.04241197104321214,0.008653129586868482,0.0017555843743466831,0.0,0.22456530682833298,1e-12,1e-11,3,4.094748672041311e-17,1.5115811163521342e-16
0.25,0.05837175145702132,25.132741228718345,512,0.04908738521234052,0.2102360473476763,0.6,0.034903248813864224,0.03878152560548376,1.1111150658869042,0.11111506588690423,0.3299780481845439,0.10818200222660072,0.03525121122349857,0.01142239851224951,0.0,0.4036541047635716,1e-12,1e-11,3,7.371628156896763e-17,2.663410399346422e-16
0.25,0.05837175145702132,25.132741228718345,512,0.04908738521234052,0.2102360473476763,0.8,0.046537665085152294,0.05817283668560151,1.2500162304911466,0.25001623049114663,0.4949747179459165,0.24341830060615804,0.11898011018786063,0.05783106195167106,0.0,0.7528948271710104,1e-12,1e-11,3,9.016874561018909e-17,3.019774100915251e-16
0.25,0.05837175145702132,25.132741228718345,512,0.04908738521234052,0.2102360473476763,0.95,0.05526347728861834,0.08423489026960312,1.5242415859877771,0.5242415859877771,0.7167502865215039,0.5104271580727201,0.36129253233394015,0.2543055018404005,0.0,1.6339759771456486,1e-12,1e-11,3,1.1653462978141322e-14,5.249284080327543e-14
0.5,0.11674350291404265,12.566370614359172,512,0.02454369260617026,0.10511802367383816,0.01,0.001151709226658629,0.0011517380307688248,1.0000250098805576,2.500988055764708e-05,0.004807133958434776,2.25968991935973e-05,1.0437347688160973e-07,4.762366022461619e-10,0.0,0.0048073723532407525,1e-12,1e-11,2,4.452034841300116e-16,6.592982588907517e-16
0.5,0.11674350291404265,12.566370614359172,512,0.02454369260617026,0.10511802367383816,0.02,0.002303418453317257,0.0023036489207946195,1.0001000545415577,0.00010005454155770366,0.009614989594019963,9.040116792196888e-05,8.351758870480705e-07,7.622031336050606e-09,0.0,0.00961689716715868,1e-12,1e-11,2,7.126514026296547e-15,1.035193354377139e-14
0.5,0.11674350291404265,12.566370614359172,512,0.02454369260617026,0.10511802367383816,0.05,0.005758546133293144,0.0057621509772327155,1.0006259989685122,0.0006259989685122314,0.024050118529640035,0.0005656019302797435,1.3070230161879901e-05,2.9836261654608076e-07,0.0,0.024079969806057852,1e-12,1e-11,2,2.798193713828167e-13,4.2262242696319147e-13
0.5,0.11674350291404265,12.566370614359172,512,0.02454369260617026,0.10511802367383816,0.1,0.011517092266586284,0.011546039947768906,1.0025134539615181,0.0025134539615181417,0.048190992072657216,0.0022709538741816464,0.00010515444629848621,4.809797993819458e-06,0.0,0.048431111007644995,1e-12,1e-11,3,8.748835158904515e-17,2.8571437750424256e-16
0.5,0.11674350291404265,12.566370614359172,512,0.02454369260617026,0.10511802367383816,0.2,0.023034184533172568,0.023269335942316956,1.010208801132323,0.01020880113232292,0.0971220238263431,0.009223857629987375,0.0008607648881970318,7.934805315122847e-05,0.0,0.09908618068821111,1e-12,1e-11,3,1.682626816321201e-16,6.004853732310966e-16
0.5,0.11674350291404265,12.566370614359172,512,0.02454369260617026,0.10511802367383816,0.4,0.046068369066345136,0.04807595555569594,1.0435784146484453,0.04357841464844525,0.20066235394528187,0.03937417882926859,0.007591630978768006,0.0014458991294334508,0.0,0.21795377205755181,1e-12,1e-11,3,3.524685645012603e-16,1.2333341813108856e-15
0.5,0.11674350291404265,12.566370614359172,512,0.02454369260617026,0.10511802367383816,0.6,0.06910255359951772,0.07678462223864099,1.1111690992440673,0.11116909924406726,0.32049566127955526,0.10044534128481183,0.03093265557480605,0.009409847585066482,0.0,0.3910784648076186,1e-12,1e-11,3,5.866444276096254e-16,1.8237906844464913e-15
0.5,0.11674350291404265,12.566370614359172,512,0.02454369260617026,0.10511802367383816,0.8,0.09213673813269027,0.11519159211284535,1.2502243344772284,0.25022433447722836,0.4808349961727846,0.2260956888725021,0.10446512158212608,0.047678505885876486,0.0,0.7248622594520507,1e-12,1e-11,3,2.1672340973265197e-14,6.864777843396119e-14
0.5,0.11674350291404265,12.566370614359172,512,0.02454369260617026,0.10511802367383816,0.95,0.10941237653256969,0.1669273681813392,1.5256717153168549,0.5256717153168549,0.6969431992296001,0.475041041150901,0.3181533739634124,0.21046049038396433,0.0,1.532580353190971,1e-12,1e-11,4,8.044373971065836e-16,3.709055632072911e-15
0.75,0.17511525437106398,8.377580409572781,512,0.016362461737446838,0.07007868244922544,0.01,0.0016990085487562172,0.0016990510940805199,1.0000250412655862,2.5041265586223105e-05,0.004594478802528597,2.029299132746208e-05,8.768872971510105e-08,3.7628209833211666e-10,0.0,0.004594706909353067,1e-12,1e-11,2,6.27621287314479e-15,8.988412092533413e-15
0.75,0.17511525437106398,8.377580409572781,512,0.016362461737446838,0.07007868244922544,0.02,0.0033980170975124327,0.003398357511309954,1.0001001801308682,0.00010018013086821043,0.009189648667896124,8.118417561570002e-05,7.016681118354941e-07,6.022286379445048e-09,0.0,0.009191473906914193,1e-12,1e-11,2,1.0047675549651893e-13,1.4512410641698975e-13
0.75,0.17511525437106398,8.377580409572781,512,0.016362461737446838,0.07007868244922544,0.05,0.008495042743781083,0.008500367318245827,1.0006267860710463,0.0006267860710462703,0.02298622985642903,0.0005079361245247729,1.0980469546703505e-05,2.3568469322796156e-07,0.0,0.02301479134441453,1e-12,1e-11,3,1.454982102027391e-16,6.130621184319285e-16
0.75,0.17511525437106398,8.377580409572781,512,0.016362461737446838,0.07007868244922544,0.1,0.016990085487562166,0.017032843308354022,1.0025166336463203,0.0025166336463202654,0.046059366140531806,0.002039434039646226,8.83428794626549e-05,3.7995454574417347e-06,0.0,0.04628907109147727,1e-12,1e-11,3,3.094693205249494e-16,1.2311115668572903e-15
0.75,0.17511525437106398,8.377580409572781,512,0.016362461737446838,0.07007868244922544,0.2,0.03398017097512433,0.03432751771170539,1.0102220420502104,0.010222042050210378,0.09282742479437259,0.0082837486659415,0.0007231802539013826,6.268484572638068e-05,0.0,0.09470509438295824,1e-12,1e-11,3,6.282217605753208e-16,2.407362503786814e-15
0.75,0.17511525437106398,8.377580409572781,512,0.016362461737446838,0.07007868244922544,0.4,0.06796034195024866,0.07092622601433343,1.0436413940685583,0.04364139406855827,0.19180266997516113,0.035365992985415595,0.006379411737001585,0.0011425182924027213,0.0,0.2082834228158871,1e-12,1e-11,3,1.3555456998931021e-15,5.3852321907355005e-15
0.75,0.17511525437106398,8.377580409572781,512,0.016362461737446838,0.07007868244922544,0.6,0.10194051292537298,0.11329355006153347,1.1113692369242014,0.11136923692420142,0.3063962632442234,0.09024993494276527,0.026005184593846844,0.0074394364357943795,0.0,0.37326483338583016,1e-12,1e-11,3,1.3785868004574165e-14,3.7453547208077254e-14
0.75,0.17511525437106398,8.377580409572781,512,0.016362461737446838,0.07007868244922544,0.8,0.13592068390049733,0.17002809825396348,1.2509361590501926,0.2509361590501926,0.45990812091411054,0.2033388817557881,0.08793736750771444,0.037751335598820275,0.0,0.6881125767153254,1e-12,1e-11,3,9.672779528866668e-13,3.073355805960354e-12
0.75,0.17511525437106398,8.377580409572781,512,0.016362461737446838,0.07007868244922544,0.95,0.16140581213184052,0.24687902005655415,1.5295547093118114,0.5295547093118114,0.6680098333489992,0.42887915529057535,0.26918437985887494,0.16761037128869793,0.0,1.425740950722072,1e-12,1e-11,4,2.924712158024522e-15,1.1290014062526055e-14
1.0,0.2334870058280853,6.283185307179586,512,0.01227184630308513,0.05255901183691908,0.01,0.0022141082413855567,0.002214163846065034,1.0000251138035792,2.5113803579168703e-05,0.004340367811235946,1.7930830844118957e-05,7.311490979748346e-08,3.009385230154135e-10,0.0,0.004340586505934202,1e-12,1e-11,2,3.644843360348862e-14,5.1996357523440007e-14
1.0,0.2334870058280853,6.283185307179586,512,0.01227184630308513,0.05255901183691908,0.02,0.004428216482771112,0.004428661387394525,1.0001004703869254,0.00010047038692539978,0.008681390764344335,7.173414402855673e-05,5.850515196575611e-07,4.8164396776857585e-09,4.440892098500626e-16,0.008683140678262853,1e-12,1e-11,2,5.834087004123962e-13,8.372344701204626e-13
1.0,0.2334870058280853,6.283185307179586,512,0.01227184630308513,0.05255901183691908,0.05,0.01107054120692778,0.011077500201860713,1.0006286047631148,0.0006286047631147706,0.021714955777378385,0.0004488126024843842,9.154371104858837e-06,1.883707080313008e-07,0.0,0.021742337234333386,1e-12,1e-11,3,3.546055035633909e-16,1.4844354044585284e-15
1.0,0.2334870058280853,6.283185307179586,512,0.01227184630308513,0.05255901183691908,0.1,0.022141082413855553,0.022196965943667227,1.0025239746082468,0.002523974608246826,0.04351230263460337,0.0018020657510748178,7.365211872809283e-05,3.036826816159211e-06,0.0,0.04373247867704101,1e-12,1e-11,3,6.626078568078876e-16,2.2605615296322767e-15
1.0,0.2334870058280853,6.283185307179586,512,0.01227184630308513,0.05255901183691908,0.2,0.04428216482771111,0.04473616806965258,1.0102525078371365,0.010252507837136493,0.08769652877909791,0.007319958362006688,0.0006029556321569047,5.010456049782481e-05,0.0,0.08949503203740843,1e-12,1e-11,3,1.3430371983942633e-15,4.5775015722338e-15
1.0,0.2334870058280853,6.283185307179586,512,0.01227184630308513,0.05255901183691908,0.4,0.08856432965542221,0.09244204233642178,1.043784136300547,0.043784136300546894,0.18122393771591416,0.03125805221563898,0.005320266671252972,0.0009134759398596063,0.0,0.1969627587737683,1e-12,1e-11,3,4.052135576393889e-15,1.1334683192032458e-14
1.0,0.2334870058280853,6.283185307179586,512,0.01227184630308513,0.05255901183691908,0.6,0.13284649448313335,0.14769985794039442,1.1118084712363028,0.11180847123630278,0.28958149209603523,0.07980652906384324,0.021700575916858186,0.005951730863276228,0.0,0.3530741839119474,1e-12,1e-11,3,2.001037249816923e-13,5.234788297281412e-13
1.0,0.2334870058280853,6.283185307179586,512,0.01227184630308513,0.05255901183691908,0.8,0.17712865931084443,0.2218337108671654,1.2523874551428054,0.25238745514280536,0.43500974652243835,0.18004487473147426,0.07349501313101184,0.030250289383574224,-4.440892098500626e-16,0.6492821181607782,1e-12,1e-11,4,5.644308884322582e-15,2.1121993043493603e-14
1.0,0.2334870058280853,6.283185307179586,512,0.01227184630308513,0.05255901183691908,0.95,0.21034028293162776,0.32312219847127455,1.5361879045123616,0.5361879045123616,0.6335829583595537,0.38142045766148786,0.22611039319216578,0.13498750441194915,0.0,1.3295953020812878,1e-12,1e-11,4,6.8310785277693696e-15,2.970713952610282e-14
1.5,0.35023050874212797,4.1887902047863905,512,0.008181230868723419,0.03503934122461272,0.01,0.003119571007420591,0.0031196503180602733,1.0000254235725021,2.542357250212568e-05,0.0038107936674491014,1.4052164650482713e-05,5.3499456647655296e-08,2.1314442189210226e-10,0.0,0.003811001263357567,1e-12,1e-11,2,3.236733337832764e-13,4.587082124730968e-13
1.5,0.35023050874212797,4.1887902047863905,512,0.008181230868723419,0.03503934122461272,0.02,0.006239142014841178,0.006239776597079413,1.0001017098563754,0.00010170985637536489,0.007622168066935704,5.621719771588615e-05,4.2769659668685434e-07,3.3988410645547865e-09,4.440892098500626e-16,0.007623829149548132,1e-12,1e-11,3,4.2640315543727325e-16,1.2462903972720873e-15
1.5,0.35023050874212797,4.1887902047863905,512,0.008181230868723419,0.03503934122461272,0.05,0.01559785503710295,0.015607781023002629,1.0006363686465907,0.0006363686465906682,0.019065595389065743,0.00035173152405319655,6.693403245659107e-06,1.3304868852338192e-07,0.0,0.0190915843591208,1e-12,1e-11,3,8.695333788315671e-16,2.563921297493721e-15
1.5,0.35023050874212797,4.1887902047863905,512,0.008181230868723419,0.03503934122461272,0.1,0.0311957100742059,0.03127542379195332,1.0025552781955533,0.0025552781955533455,0.038204227776377546,0.0014123021930671886,5.385356580621123e-05,2.145000037542478e-06,0.0,0.03841313446720606,1e-12,1e-11,3,1.9758760405696396e-15,1.0356732832450533e-14
1.5,0.35023050874212797,4.1887902047863905,512,0.008181230868723419,0.03503934122461272,0.2,0.0623914201484118,0.06303915775005572,1.0103818377607552,0.010381837760755186,0.07700419163257136,0.005737328732168189,0.00044091882726305563,3.539368148889108e-05,-4.440892098500626e-16,0.07870827245407715,1e-12,1e-11,3,3.797740470047921e-15,1.427243739859918e-14
1.5,0.35023050874212797,4.1887902047863905,512,0.008181230868723419,0.03503934122461272,0.4,0.12478284029682357,0.1303204915566561,1.044378307519367,0.04437830751936711,0.15918186578014984,0.024510938795570942,0.003892268065405612,0.0006455479434165364,-4.440892098500626e-16,0.17401000420343748,1e-12,1e-11,3,1.123609624244031e-13,2.20646417803394e-13
1.5,0.35023050874212797,4.1887902047863905,512,0.008181230868723419,0.03503934122461272,0.6,0.18717426044523539,0.20843060837350563,1.1135644819843675,0.11356448198436753,0.25454792587770403,0.0626418555171654,0.015891448803111715,0.0042098529305389975,0.0,0.3137622195687514,1e-12,1e-11,4,1.1675378703176239e-14,3.9848332966663236e-14
1.5,0.35023050874212797,4.1887902047863905,512,0.008181230868723419,0.03503934122461272,0.8,0.24956568059364714,0.31388236706721073,1.2577144674723388,0.25771446747233884,0.3830708575649136,0.14165353932541744,0.053943497639699,0.021441616067790777,-4.440892098500626e-16,0.5794518139063156,1e-12,1e-11,4,1.916028737007074e-14,8.473777235451507e-14
1.5,0.35023050874212797,4.1887902047863905,512,0.008181230868723419,0.03503934122461272,0.95,0.296359245704956,0.46130246650035833,1.5565651255558046,0.5565651255558046,0.5608005355208251,0.3019904889343605,0.16692140899648994,0.09616351045352652,4.440892098500626e-16,1.1814002242270192,1e-12,1e-11,4,2.5316699237383472e-14,1.216249323476859e-13
2.0,0.4669740116561706,3.141592653589793,512,0.006135923151542565,0.02627950591845954,0.01,0.00383364963627476,0.0038337490575931577,1.0000259338562025,2.5933856202531302e-05,0.0033573357366636493,1.154824592606692e-05,4.2861751474353856e-08,1.691666190836706e-10,-4.440892098500626e-16,0.0033575428261393013,1e-12,1e-11,3,3.8315981185483773e-16,1.16643890726853e-15
2.0,0.4669740116561706,3.141592653589793,512,0.006135923151542565,0.02627950591845954,0.02,0.007667299272549517,0.00766809476686464,1.0001037515671223,0.00010375156712227884,0.0067151868776302885,4.6200022636732825e-05,3.4297204978965237e-07,2.7074738525353974e-09,0.0,0.006716843884486812,1e-12,1e-11,3,6.922886330572019e-16,2.2425637735690174e-15
2.0,0.4669740116561706,3.141592653589793,512,0.006135923151542565,0.02627950591845954,0.05,0.019168248181373797,0.019180691338217162,1.0006491546189107,0.0006491546189106856,0.0167969978363095,0.0002890585642062306,5.367488836561553e-06,1.0598516776166317e-07,0.0,0.016822920465857864,1e-12,1e-11,3,2.4876084240657103e-15,7.932890455641939e-15
2.0,0.4669740116561706,3.141592653589793,512,0.006135923151542565,0.02627950591845954,0.1,0.03833649636274758,0.03843643141699185,1.0026067863191948,0.002606786319194754,0.033658818466803575,0.001160667309562807,4.318600398587571e-05,1.7086994746933183e-06,4.440892098500626e-16,0.033867118169932785,1e-12,1e-11,3,4.981661673667119e-15,1.786418235560916e-14
2.0,0.4669740116561706,3.141592653589793,512,0.006135923151542565,0.02627950591845954,0.2,0.07667299272549516,0.07748525859670766,1.0105938980903038,0.010593898090303755,0.06784642159639635,0.004715335385047842,0.0003535941719595129,2.8195508724402827e-05,-4.440892098500626e-16,0.06954315948152766,1e-12,1e-11,3,1.0891415444065764e-14,3.751512989147443e-14
2.0,0.4669740116561706,3.141592653589793,512,0.006135923151542565,0.02627950591845954,0.4,0.15334598545099032,0.1602983670896287,1.045337878381305,0.045337878381304986,0.14028674583128117,0.02014937949321487,0.0031219525056203393,0.000514340250465527,4.440892098500626e-16,0.15496927029277321,1e-12,1e-11,3,8.411807160786055e-13,1.5670936770462163e-12
2.0,0.4669740116561706,3.141592653589793,512,0.006135923151542565,0.02627950591845954,0.6,0.23001897817648553,0.2567735285914319,1.1163145346833883,0.11631453468338826,0.22445215038954514,0.051519018778741876,0.012750867671148651,0.003355224022994475,0.0,0.28254969923295525,1e-12,1e-11,4,2.7437281808250038e-14,1.0168949016176043e-13
2.0,0.4669740116561706,3.141592653589793,512,0.006135923151542565,0.02627950591845954,0.8,0.30669197090198064,0.38813280468594014,1.2655460250375714,0.2655460250375714,0.33817474342451,0.11661164750887189,0.04331158590597132,0.017098297232023624,4.440892098500626e-16,0.5282298938703336,1e-12,1e-11,4,3.827973025728511e-14,1.650658776330971e-13
2.0,0.4669740116561706,3.141592653589793,512,0.006135923151542565,0.02627950591845954,0.95,0.364196715446102,0.5765221313304294,1.5829965150131886,0.5829965150131886,0.49636354595931936,0.24899825714667992,0.1341129245009092,0.07671194654011698,4.440892098500626e-16,1.0867564754533752,1e-12,1e-11,4,5.2958693662279216e-14,2.321268177674085e-13
3.141592653589793,0.73352106221819,2.0,512,0.00390625,0.01673005307574222,0.01,0.004769054125923271,0.0047691842360625385,1.0000272821687135,2.7282168713504973e-05,0.002738337582356064,8.947128480769544e-06,3.295142137045034e-08,1.3006862096458914e-10,8.881784197001252e-16,0.0027385628063099107,1e-12,1e-11,3,1.662939199453491e-15,5.671678404706171e-15
3.141592653589793,0.73352106221819,2.0,512,0.00390625,0.01673005307574222,0.02,0.00953810825184654,0.009539149300394501,1.0001091462290501,0.00010914622905011662,0.005477095193065205,3.579395429675697e-05,2.636712506663318e-07,2.081715587174687e-09,0.0,0.0054788972457009266,1e-12,1e-11,3,3.3257945077212486e-15,1.0459515198402158e-14
3.141592653589793,0.73352106221819,2.0,512,0.00390625,0.01673005307574222,0.05,0.02384527062961635,0.023861555355418736,1.0006829331507843,0.0006829331507842706,0.013700097474097384,0.00022395059245238776,4.1264244514775325e-06,8.148935890989401e-08,-8.881784197001252e-16,0.01372828316191655,1e-12,1e-11,3,7.037925523158815e-15,2.2315482794965646e-14
3.141592653589793,0.73352106221819,2.0,512,0.00390625,0.01673005307574222,0.1,0.047690541259232694,0.04782134648829993,1.0027427918747287,0.0027427918747287006,0.027453021377691098,0.0008992285892446449,3.320022912226641e-05,1.3137621566743172e-06,-4.440892098500626e-16,0.027679332266851958,1e-12,1e-11,3,1.434228397225889e-14,4.6716103208055415e-14
3.141592653589793,0.73352106221819,2.0,512,0.00390625,0.01673005307574222,0.2,0.09538108251846539,0.09644483434934362,1.0111526500097363,0.011152650009736309,0.05533694576964429,0.003653072593599336,0.00027182149072968594,2.1677609333406227e-05,4.440892098500626e-16,0.057174846981617136,1e-12,1e-11,3,2.8310551402871924e-14,9.636735853746359e-14
3.141592653589793,0.73352106221819,2.0,512,0.00390625,0.01673005307574222,0.4,0.19076216503693078,0.19988882263262198,1.0478431223189584,0.047843122318958375,0.11441652794232988,0.015607398799288305,0.0023994741208809398,0.000395359373716567,-4.440892098500626e-16,0.13014095738961762,1e-12,1e-11,4,5.872927054600954e-14,2.232866669338307e-13
3.141592653589793,0.73352106221819,2.0,512,0.00390625,0.01673005307574222,0.6,0.2861432475553962,0.32144266243087893,1.1233627393868482,0.12336273938684816,0.18304044911195938,0.03988915526029349,0.009795404462041028,0.002577828917739202,-1.7763568394002505e-15,0.24420561367468704,1e-12,1e-11,4,9.791970227970022e-14,3.683164884193957e-13
3.141592653589793,0.73352106221819,2.0,512,0.00390625,0.01673005307574222,0.8,0.38152433007386155,0.49021069209084356,1.2848740000301966,0.2848740000301966,0.275661635223282,0.09018152461281065,0.03322896048482852,0.013119365793549609,2.220446049250313e-15,0.4713773071826113,1e-12,1e-11,4,1.2697625959934378e-13,5.230260669009112e-13
3.141592653589793,0.73352106221819,2.0,512,0.00390625,0.01673005307574222,0.95,0.4530601419627105,0.7446213482872726,1.643537533585462,0.6435375335854621,0.403667410407777,0.19168597911877178,0.10238839059996481,0.05857218415437801,4.440892098500626e-16,0.9982749455214476,1e-12,1e-11,4,2.032378096008807e-13,8.317149052805561e-13
4.282893587390008,1.0,1.46704212443638,512,0.0028653166492898048,0.01227184630308513,0.01,0.004999905876314573,0.0050000465069828335,1.0000281266631292,2.8126663129235396e-05,0.0025001230558791914,8.125956833246915e-06,2.996937460986346e-08,1.1850557846351976e-10,-8.881784197001252e-16,0.002500364785856579,1e-12,1e-11,3,2.693457842394874e-15,9.765625808011436e-15
4.282893587390008,1.0,1.46704212443638,512,0.0028653166492898048,0.01227184630308513,0.02,0.00999981175262914,0.010000936982067103,1.000112525062051,0.00011252506205106094,0.0050006268467634955,3.250874982870057e-05,2.3980932447905014e-07,1.8966618759165187e-09,-1.3322676295501878e-15,0.005002560928653321,1e-12,1e-11,3,5.500030013395267e-15,2.218364381079141e-14
4.282893587390008,1.0,1.46704212443638,512,0.0028653166492898048,0.01227184630308513,0.05,0.024999529381572856,0.02501713125903341,1.0007040883527003,0.000704088352700305,0.012508238085059164,0.00020339537189900146,3.7529733531023933e-06,7.42450960608193e-08,-8.881784197001252e-16,0.01253848466717907,1e-12,1e-11,3,1.2562438991168182e-14,3.919434221621998e-14
4.282893587390008,1.0,1.46704212443638,512,0.0028653166492898048,0.01227184630308513,0.1,0.04999905876314571,0.05014045373128291,1.0028279525982082,0.0028279525982082276,0.02506435898870573,0.0008166814837971037,3.0195104587467482e-05,1.1969541813926208e-06,-1.7763568394002505e-15,0.025307099018612878,1e-12,1e-11,3,2.6519414774078256e-14,8.341244361886879e-14
4.282893587390008,1.0,1.46704212443638,512,0.0028653166492898048,0.01227184630308513,0.2,0.09999811752629142,0.10114831659123932,1.0115022071755049,0.011502207175504875,0.05051925079825797,0.003317533133110634,0.00024720321316905997,1.9749092974745863e-05,8.881784197001252e-16,0.05248684089743334,1e-12,1e-11,3,5.059673061592954e-14,2.0367041386748497e-13
4.282893587390008,1.0,1.46704212443638,512,0.0028653166492898048,0.01227184630308513,0.4,0.19999623505258285,0.2098769133203333,1.049404321362113,0.049404321362112924,0.1044287598831686,0.014170108601130205,0.0021815957218039987,0.0003600942767934648,-8.881784197001252e-16,0.12114794844971777,1e-12,1e-11,4,1.02258746415711e-13,3.840816553690729e-13
4.282893587390008,1.0,1.46704212443638,512,0.0028653166492898048,0.01227184630308513,0.6,0.2999943525788742,0.3383093118095195,1.1277189350441907,0.12771893504419074,0.16696987192660548,0.03619502310639,0.008900952986583574,0.0023465788087107045,4.440892098500626e-16,0.2313905735521317,1e-12,1e-11,4,1.933593830356399e-13,7.335798635210722e-13
4.282893587390008,1.0,1.46704212443638,512,0.0028653166492898048,0.01227184630308513,0.8,0.3999924701051657,0.518628787489233,1.2965963768089823,0.2965963768089823,0.25112274810462065,0.08171686631178278,0.030153710152249248,0.01192627500795817,0.0,0.45500750498839154,1e-12,1e-11,4,2.8244924501082504e-13,1.001143612455735e-12
4.282893587390008,1.0,1.46704212443638,512,0.0028653166492898048,0.01227184630308513,0.95,0.4749910582498842,0.7972315962876912,1.678413903674545,0.6784139036745449,0.3662798285053568,0.17299028271472006,0.09254023236472925,0.05303126939588882,4.440892098500626e-16,0.9793832977883731,1e-12,1e-11,4,3.632202581200661e-13,1.4584444762988369e-12
6.0,1.4009220349685119,1.0471975511965976,512,0.0020453077171808547,0.00875983530615318,0.01,0.00472863961229332,0.004728773444222253,1.0000283024167427,2.8302416742675973e-05,0.0024083342752060917,7.84853216473782e-06,2.903523911263762e-08,1.1509885967365111e-10,0.0,0.002408581517943844,1e-12,1e-11,3,5.547560507238876e-15,2.0768109454394335e-14
6.0,1.4009220349685119,1.0471975511965976,512,0.0020453077171808547,0.00875983530615318,0.02,0.009457279224586636,0.009458350055233548,1.0001132281940166,0.00011322819401660134,0.004817034272798538,3.139887723832265e-05,2.3233450596538e-07,1.8421313769450233e-09,4.440892098500626e-16,0.004819012443080467,1e-12,1e-11,3,1.1366139124264057e-14,4.030109579389318e-14
6.0,1.4009220349685119,1.0471975511965976,512,0.0020453077171808547,0.00875983530615318,0.05,0.023643198061466593,0.023659948985319604,1.0007084880737989,0.000708488073798863,0.012048993592452333,0.00019645104749376293,3.6359892458375443e-06,7.211038890515364e-08,-1.3322676295501878e-15,0.012079927561472385,1e-12,1e-11,3,2.385735843354448e-14,7.530087664520124e-14
6.0,1.4009220349685119,1.0471975511965976,512,0.0020453077171808547,0.00875983530615318,0.1,0.04728639612293317,0.04742095548906558,1.0028456253207072,0.0028456253207072013,0.024143981330396365,0.0007887946358355154,2.9253760810018144e-05,1.1625341502223998e-06,4.440892098500626e-16,0.024392178143427087,1e-12,1e-11,3,4.951436882663674e-14,1.4310774787418268e-13
6.0,1.4009220349685119,1.0471975511965976,512,0.0020453077171808547,0.00875983530615318,0.2,0.09457279224586634,0.09566738716473891,1.0115740996208178,0.01157409962081779,0.048663075158188435,0.0032041889882275295,0.00023949216209560818,1.9180841483825355e-05,1.3322676295501878e-15,0.0506730101684182,1e-12,1e-11,3,1.0296345774560504e-13,2.956801470332948e-13
6.0,1.4009220349685119,1.0471975511965976,512,0.0020453077171808547,0.00875983530615318,0.4,0.1891455844917327,0.19854847143807935,1.0497124316785607,0.049712431678560653,0.10058192126239172,0.01368480456566857,0.002113370974633491,0.0003497052687632891,-3.1086244689504383e-15,0.11760238509025613,1e-12,1e-11,4,2.034174255799035e-13,8.111011862155237e-13
6.0,1.4009220349685119,1.0471975511965976,512,0.0020453077171808547,0.00875983530615318,0.6,0.28371837673759914,0.32017586857340397,1.128498873619043,0.1284988736190431,0.16078498440969102,0.03494883253512672,0.008621034637608948,0.002278476970387047,-8.881784197001252e-16,0.22603493989455012,1e-12,1e-11,4,3.4731183381509905e-13,1.327993270905381e-12
6.0,1.4009220349685119,1.0471975511965976,512,0.0020453077171808547,0.00875983530615318,0.8,0.3782911689834654,0.4910830791853157,1.2981616264131726,0.29816162641317256,0.24169918410912622,0.0788675741680461,0.029192426093950747,0.011575067293649745,8.881784197001252e-16,0.4466992137622842,1e-12,1e-11,4,4.874053046414816e-13,1.8548218516656334e-12
6.0,1.4009220349685119,1.0471975511965976,512,0.0020453077171808547,0.00875983530615318,0.95,0.4492207631678652,0.7537927822938901,1.6780007606465248,0.6780007606465248,0.35205529867077556,0.16674283215809144,0.08947103506176572,0.051399903536252345,8.881784197001252e-16,0.9598594740902658,1e-12,1e-11,4,6.710066589642023e-13,3.5246805474287157e-12
8.0,1.8678960466246823,0.7853981633974483,512,0.0015339807878856412,0.006569876479614885,0.01,0.004160954673015068,0.004161070374749222,1.000027806535578,2.7806535578100977e-05,0.0024074283551681125,7.882601388840665e-06,2.9256281949462515e-08,1.1624328722939955e-10,0.0,0.0024076687791700756,1e-12,1e-11,3,8.27826206799552e-15,3.2475758193761806e-14
8.0,1.8678960466246823,0.7853981633974483,512,0.0015339807878856412,0.006569876479614885,0.02,0.00832190934603013,0.008322835109122927,1.0001112440732411,0.00011124407324114571,0.004815222350780437,3.153517512198648e-05,2.34103250360842e-07,1.8604512041502566e-09,4.440892098500626e-16,0.004817145965531999,1e-12,1e-11,3,1.708434617715698e-14,7.623068842832481e-14
8.0,1.8678960466246823,0.7853981633974483,512,0.0015339807878856412,0.006569876479614885,0.05,0.02080477336507533,0.020819254760188262,1.0006960611807116,0.0006960611807116379,0.01204446235086899,0.00019730382879466798,3.6636701491642403e-06,7.282754435724157e-08,0.0,0.012074543268203099,1e-12,1e-11,3,4.557923671623654e-14,1.3945788968072748e-13
8.0,1.8678960466246823,0.7853981633974483,512,0.0015339807878856412,0.006569876479614885,0.1,0.04160954673015066,0.04172586792318808,1.0027955409798572,0.002795540979857236,0.02413490851505441,0.000792218975328414,2.9476482043178577e-05,1.1740964632657465e-06,-4.440892098500626e-16,0.02437626265848138,1e-12,1e-11,3,7.622468879517994e-14,2.8649305150452165e-13
8.0,1.8678960466246823,0.7853981633974483,512,0.0015339807878856412,0.006569876479614885,0.2,0.08321909346030132,0.08416508780669812,1.0113675156392816,0.011367515639281622,0.04864484455368945,0.0032181027968544817,0.00024131588128902136,1.9371650660145847e-05,-4.884981308350689e-15,0.05059939123700488,1e-12,1e-11,3,1.6003732586304545e-13,4.795053243356051e-13
8.0,1.8678960466246823,0.7853981633974483,512,0.0015339807878856412,0.006569876479614885,0.4,0.16643818692060264,0.17455534287641744,1.0487697931946771,0.048769793194677113,0.10054469240409229,0.013744283105799568,0.0021294752746222295,0.00035318679708733186,-8.881784197001252e-16,0.11709283857156229,1e-12,1e-11,3,4.4680298651829755e-13,1.820155137721713e-12
8.0,1.8678960466246823,0.7853981633974483,512,0.0015339807878856412,0.006569876479614885,0.6,0.24965728038090396,0.28105104095358147,1.1257474267314769,0.12574742673147687,0.16072650044058018,0.03510080675912444,0.008686755618202188,0.002301177040109966,4.440892098500626e-16,0.224087217654438,1e-12,1e-11,4,5.97178595730987e-13,2.432276602348793e-12
8.0,1.8678960466246823,0.7853981633974483,512,0.0015339807878856412,0.006569876479614885,0.8,0.3328763738412053,0.42940125519911165,1.289972160667529,0.28997216066752896,0.24161102557359065,0.07920839180151139,0.029413953755949355,0.011690020623136331,0.0,0.4397477412490894,1e-12,1e-11,4,7.18195611134865e-13,2.787992059438693e-12
8.0,1.8678960466246823,0.7853981633974483,512,0.0015339807878856412,0.006569876479614885,0.95,0.39529069393643124,0.6509619239450986,1.6467929398049101,0.6467929398049101,0.35189492845371456,0.16741775028700076,0.09011710930563258,0.05188937742699377,1.3322676295501878e-15,0.9294269463556772,1e-12,1e-11,6,9.9928984974614e-13,3.5188518765494337e-12
